rank,player,team,league,pos_group,age,minutes,breakout_score,league_factor,overall,potential,ceiling,value_eur,npxg90,xa90,npga90,shots90,kp90,xgchain90,xgbuildup90,z_npxg90,z_xa90,z_npga90,z_shots90,z_kp90,z_xgchain90,z_xgbuildup90
1,Michael Olise,Bayern Munich,GER-Bundesliga,MF,23,2316,4.002,0.887,89.0,91.0,2.0,134000000.0,0.449,0.662,1.321,3.964,3.07,1.516,0.66,2.859,5.419,5.827,3.25,2.878,5.007,2.775
2,Nuno Mendes,PSG,FRA-Ligue 1,DF,23,1256,3.614,0.815,88.0,91.0,3.0,115500000.0,0.219,0.362,0.573,2.15,2.078,0.834,0.664,3.213,4.675,4.934,4.117,3.159,2.801,2.401
3,Lamine Yamal,Barcelona,ESP-La Liga,MF,18,2262,3.509,0.899,89.0,95.0,6.0,147000000.0,0.465,0.5,0.955,4.655,2.905,1.339,0.636,3.07,3.785,3.9,4.215,2.678,4.246,2.668
4,Rayan Cherki,Manchester City,ENG-Premier League,MF,21,1786,3.03,1.0,84.0,88.0,4.0,61500000.0,0.234,0.543,0.806,2.772,3.024,1.049,0.562,1.145,4.898,3.579,2.176,3.415,3.408,2.589
5,Tom Bischof,Bayern Munich,GER-Bundesliga,DF,20,1302,2.811,0.887,78.0,86.0,8.0,30500000.0,0.137,0.197,0.415,2.074,1.659,0.78,0.554,1.779,2.36,3.656,4.409,2.589,2.889,1.996
6,Nico O'Reilly,Manchester City,ENG-Premier League,DF,20,2646,2.482,1.0,81.0,86.0,5.0,35500000.0,0.229,0.131,0.272,1.395,0.782,0.722,0.503,4.497,1.514,2.424,2.921,0.82,3.106,2.091
7,Fermin López,Barcelona,ESP-La Liga,MF,22,1797,2.456,0.899,83.0,87.0,4.0,53000000.0,0.377,0.383,0.751,3.406,1.703,1.232,0.622,2.24,2.539,2.774,2.594,0.748,3.727,2.566
8,Lennart Karl,Bayern Munich,GER-Bundesliga,MF,17,1281,2.168,0.887,75.0,88.0,13.0,13000000.0,0.5,0.196,0.703,2.951,1.616,1.245,0.64,3.338,0.521,2.453,1.953,0.574,3.71,2.631
9,Jeremy Doku,Manchester City,ENG-Premier League,MF,23,1784,2.104,1.0,83.0,86.0,3.0,49500000.0,0.202,0.381,0.504,1.967,2.976,0.951,0.489,0.809,2.974,1.723,1.015,3.331,2.878,1.997
10,Alejandro Garnacho,Chelsea,ENG-Premier League,MF,21,1268,1.757,1.0,78.0,84.0,6.0,22500000.0,0.292,0.299,0.355,2.342,2.058,0.919,0.463,1.75,2.008,0.803,1.556,1.69,2.709,1.784
11,Arda Güler,Real Madrid,ESP-La Liga,MF,20,2014,1.624,0.899,83.0,89.0,6.0,56500000.0,0.215,0.395,0.581,2.19,3.128,0.72,0.388,0.721,2.671,1.832,1.017,3.037,1.24,0.853
12,Ansu Fati,Monaco,FRA-Ligue 1,MF,22,1093,1.598,0.815,75.0,81.0,6.0,9000000.0,0.679,0.157,0.659,3.541,1.235,1.065,0.332,4.484,-0.027,1.922,2.34,-0.189,2.433,0.219
13,Joško Gvardiol,Manchester City,ENG-Premier League,DF,23,1372,1.554,1.0,85.0,88.0,3.0,66000000.0,0.122,0.029,0.262,1.115,0.262,0.662,0.626,1.794,-0.451,2.299,1.986,-0.515,2.674,3.09
14,Mason Greenwood,Marseille,FRA-Ligue 1,MF,23,2462,1.554,0.815,83.0,86.0,3.0,49500000.0,0.302,0.279,0.621,4.24,2.047,0.852,0.46,1.271,1.158,1.735,3.163,0.994,1.492,1.065
15,Bukayo Saka,Arsenal,ENG-Premier League,FW,23,2222,1.547,1.0,87.0,89.0,2.0,103500000.0,0.322,0.346,0.446,2.876,2.511,0.774,0.326,-0.179,3.052,0.217,0.879,3.43,1.363,2.066
16,Pedri,Barcelona,ESP-La Liga,MF,22,2104,1.543,0.899,,,,,0.102,0.254,0.471,0.898,2.695,1.08,0.829,-0.34,1.17,1.222,-0.659,2.341,2.986,4.08
17,Kenan Yıldız,Juventus,ITA-Serie A,MF,20,2825,1.526,0.928,82.0,89.0,7.0,60500000.0,0.226,0.345,0.478,3.09,2.421,0.724,0.326,0.896,2.25,1.348,2.314,2.027,1.373,0.477
18,Yan Diomandé,RB Leipzig,GER-Bundesliga,FW,18,2472,1.515,0.887,81.0,89.0,8.0,54500000.0,0.292,0.366,0.728,1.93,2.075,1.073,0.525,-0.607,2.753,1.315,-0.789,1.934,2.32,3.677
19,Giorgio Scalvini,Atalanta,ITA-Serie A,DF,21,1808,1.508,0.928,78.0,86.0,8.0,29500000.0,0.192,0.079,0.199,0.996,0.697,0.615,0.504,3.219,0.401,1.3,1.347,0.472,2.016,1.799
20,Malo Gusto,Chelsea,ENG-Premier League,DF,22,2261,1.493,1.0,79.0,84.0,5.0,25000000.0,0.077,0.151,0.199,0.478,1.075,0.65,0.539,0.659,1.91,1.483,-0.146,1.571,2.589,2.385
21,Martin Baturina,Como,ITA-Serie A,MF,22,1569,1.482,0.928,79.0,84.0,5.0,27000000.0,0.109,0.384,0.516,1.606,3.499,0.68,0.405,-0.242,2.683,1.567,0.327,3.814,1.152,1.075
22,Karim Adeyemi,Dortmund,GER-Bundesliga,MF,23,1195,1.437,0.887,82.0,86.0,4.0,43500000.0,0.393,0.26,0.828,2.335,1.205,0.899,0.308,2.341,1.197,3.139,1.164,-0.078,2.051,0.241
23,Warren Zaïre-Emery,PSG,FRA-Ligue 1,DF,19,2447,1.434,0.815,83.0,89.0,6.0,55000000.0,0.076,0.157,0.257,0.699,1.545,0.77,0.612,0.273,1.463,1.622,0.161,2.044,2.426,2.052
24,Assan Ouédraogo,RB Leipzig,GER-Bundesliga,MF,19,948,1.417,0.887,74.0,87.0,13.0,10000000.0,0.267,0.286,0.665,2.563,1.329,0.791,0.543,1.171,1.463,2.245,1.457,0.119,1.533,1.93
25,Riccardo Calafiori,Arsenal,ENG-Premier League,DF,23,1699,1.399,1.0,82.0,86.0,4.0,40500000.0,0.184,0.034,0.159,1.695,0.477,0.432,0.347,3.357,-0.342,0.967,3.927,0.036,1.024,0.825
26,Francisco Conceição,Juventus,ITA-Serie A,MF,22,2078,1.384,0.928,79.0,86.0,7.0,35500000.0,0.368,0.18,0.346,3.162,1.819,0.812,0.413,2.265,0.443,0.598,2.41,1.029,1.811,1.132
27,Florian Wirtz,Liverpool,ENG-Premier League,MF,22,2378,1.339,1.0,87.0,91.0,4.0,116500000.0,0.287,0.204,0.303,1.93,2.271,0.781,0.407,1.697,0.875,0.482,0.961,2.07,1.963,1.323
28,Abde Ezzalzouli,Real Betis,ESP-La Liga,MF,23,2247,1.311,0.899,80.0,84.0,4.0,30000000.0,0.413,0.249,0.721,2.924,1.282,0.749,0.197,2.577,1.113,2.606,1.969,0.071,1.379,-0.54
29,Désiré Doué,PSG,FRA-Ligue 1,FW,20,1348,1.29,0.815,86.0,91.0,5.0,101000000.0,0.496,0.257,0.734,3.672,1.936,1.007,0.435,0.389,1.183,1.056,1.047,1.348,1.613,2.397
30,Can Uzun,Frankfurt,GER-Bundesliga,MF,19,1156,1.231,0.887,78.0,85.0,7.0,27500000.0,0.295,0.205,0.856,3.192,1.479,0.665,0.238,1.433,0.614,3.292,2.262,0.357,0.927,-0.264
31,Bradley Barcola,PSG,FRA-Ligue 1,FW,22,1743,1.23,0.815,84.0,88.0,4.0,61500000.0,0.602,0.247,0.62,3.408,1.962,1.068,0.393,0.982,1.069,0.543,0.738,1.395,1.881,2.001
32,Jesus Rodríguez,Como,ITA-Serie A,MF,19,1731,1.224,0.928,77.0,85.0,8.0,23000000.0,0.204,0.362,0.572,2.34,1.872,0.723,0.233,0.678,2.445,1.884,1.309,1.116,1.364,-0.227
33,Nicolás Paz,Como,ITA-Serie A,MF,20,2878,1.214,0.928,82.0,89.0,7.0,60500000.0,0.231,0.22,0.563,3.784,1.595,0.618,0.277,0.939,0.878,1.833,3.243,0.657,0.839,0.111
34,Eli Junior Kroupi,Bournemouth,ENG-Premier League,MF,19,1672,1.203,1.0,78.0,86.0,8.0,30500000.0,0.394,0.098,0.592,2.799,1.184,0.627,0.274,2.822,-0.381,2.262,2.215,0.128,1.132,0.242
35,Tiago Tomás,Stuttgart,GER-Bundesliga,MF,23,1020,1.143,0.887,76.0,82.0,6.0,12000000.0,0.488,0.111,0.706,3.088,0.971,0.737,0.237,3.226,-0.372,2.471,2.129,-0.449,1.273,-0.277
36,Hugo Ekitike,Liverpool,ENG-Premier League,FW,23,1803,1.126,1.0,85.0,88.0,3.0,74500000.0,0.596,0.124,0.749,3.245,1.048,0.815,0.244,1.705,0.017,1.879,1.408,0.166,1.582,1.125
37,Cole Palmer,Chelsea,ENG-Premier League,MF,23,1955,1.098,1.0,86.0,89.0,3.0,93000000.0,0.262,0.098,0.276,2.946,1.105,0.776,0.485,1.438,-0.381,0.319,2.428,-0.013,1.936,1.962
38,Ibrahim Maza,Leverkusen,GER-Bundesliga,MF,19,1849,1.085,0.887,79.0,87.0,8.0,38000000.0,0.293,0.214,0.341,2.58,1.363,0.873,0.472,1.414,0.706,0.479,1.478,0.172,1.923,1.422
39,Lazar Samardzic,Atalanta,ITA-Serie A,MF,23,1030,1.084,0.928,77.0,82.0,5.0,16000000.0,0.243,0.208,0.262,2.184,2.447,0.747,0.397,1.053,0.744,0.116,1.101,2.069,1.488,1.014
40,Alejandro Balde,Barcelona,ESP-La Liga,DF,21,1869,1.069,0.899,83.0,87.0,4.0,49500000.0,0.036,0.14,0.096,0.482,1.108,0.772,0.621,-0.473,1.411,0.036,-0.296,1.368,2.905,2.535
41,Jude Bellingham,Real Madrid,ESP-La Liga,MF,22,1916,1.02,0.899,89.0,93.0,4.0,150500000.0,0.363,0.143,0.47,2.396,1.691,0.656,0.393,2.113,-0.02,1.217,1.284,0.729,0.928,0.887
42,Bilal El Khannouss,Stuttgart,GER-Bundesliga,MF,21,1630,1.008,0.887,78.0,84.0,6.0,22500000.0,0.171,0.291,0.497,2.319,2.429,0.623,0.3,0.284,1.521,1.331,1.144,1.863,0.73,0.182
43,Endrick,Lyon,FRA-Ligue 1,FW,19,1215,0.997,0.815,78.0,89.0,11.0,30000000.0,0.423,0.337,0.815,3.63,2.222,0.825,0.161,-0.018,2.07,1.415,0.997,1.868,0.817,-0.172
44,Alejandro Francés,Girona,ESP-La Liga,DF,22,1116,0.982,0.899,75.0,80.0,5.0,8000000.0,0.053,0.116,0.161,1.29,0.806,0.489,0.449,-0.088,1.004,0.788,2.136,0.673,1.076,1.282
45,Matteo Ruggeri,Atlético Madrid,ESP-La Liga,DF,23,1774,0.979,0.899,78.0,82.0,4.0,19000000.0,0.011,0.201,0.152,0.254,1.268,0.645,0.535,-1.053,2.47,0.683,-0.981,1.739,2.08,1.913
46,Matìas Soulé,Roma,ITA-Serie A,MF,22,2139,0.968,0.928,79.0,85.0,6.0,28000000.0,0.197,0.188,0.463,2.188,1.893,0.667,0.4,0.61,0.522,1.262,1.106,1.152,1.087,1.034
47,Maximilian Beier,Dortmund,GER-Bundesliga,MF,22,2026,0.961,0.887,80.0,84.0,4.0,31000000.0,0.366,0.22,0.666,2.221,1.111,0.713,0.226,2.097,0.774,2.255,1.019,-0.227,1.157,-0.35
48,Ander Barrenetxea,Real Sociedad,ESP-La Liga,MF,23,1763,0.949,0.899,78.0,83.0,5.0,21000000.0,0.16,0.337,0.408,1.787,2.297,0.665,0.319,0.204,2.046,0.878,0.494,1.703,0.973,0.348
49,Martial Godo,Strasbourg,FRA-Ligue 1,MF,22,1584,0.938,0.815,74.0,82.0,8.0,9500000.0,0.489,0.128,0.625,2.33,1.25,0.869,0.288,2.868,-0.3,1.753,0.916,-0.167,1.567,-0.074
50,Amad Diallo,Manchester Utd,ENG-Premier League,MF,23,2341,0.936,1.0,80.0,85.0,5.0,32500000.0,0.22,0.217,0.192,2.076,1.538,0.718,0.386,1.003,1.032,-0.197,1.172,0.76,1.622,1.159
51,Ian Maatsen,Aston Villa,ENG-Premier League,DF,23,1605,0.925,1.0,79.0,84.0,5.0,24500000.0,0.073,0.166,0.056,1.121,1.402,0.285,0.209,0.547,2.196,-0.356,2.008,2.41,-0.03,-0.299
52,Yéremy Pino,Crystal Palace,ENG-Premier League,MF,22,2080,0.916,1.0,79.0,86.0,7.0,35500000.0,0.189,0.368,0.173,1.947,2.077,0.583,0.198,0.678,2.818,-0.315,0.986,1.723,0.89,-0.369
53,Quentin Merlin,Rennes,FRA-Ligue 1,DF,23,2533,0.896,0.815,76.0,82.0,6.0,11000000.0,0.066,0.16,0.213,0.924,1.67,0.426,0.31,0.056,1.499,1.158,0.775,2.306,0.418,0.057
54,Pablo Pagis,Lorient,FRA-Ligue 1,MF,22,1756,0.886,0.815,73.0,81.0,8.0,7000000.0,0.321,0.244,0.666,3.024,2.204,0.521,0.148,1.436,0.812,1.96,1.732,1.222,0.037,-1.0
55,Lucas Beraldo,PSG,FRA-Ligue 1,DF,21,1567,0.874,0.815,78.0,83.0,5.0,19500000.0,0.078,0.087,0.172,0.804,0.804,0.648,0.613,0.316,0.355,0.729,0.448,0.494,1.712,2.062
56,Rayan,Bournemouth,ENG-Premier League,MF,18,1111,0.868,1.0,78.0,88.0,10.0,29500000.0,0.216,0.225,0.567,2.268,1.134,0.513,0.229,0.96,1.127,2.108,1.449,0.039,0.516,-0.124
57,Giuliano Simeone,Atlético Madrid,ESP-La Liga,MF,22,2099,0.826,0.899,82.0,86.0,4.0,44500000.0,0.262,0.237,0.429,1.544,1.243,0.796,0.388,1.158,0.984,0.991,0.178,0.01,1.606,0.852
58,Álvaro Carreras,Real Madrid,ESP-La Liga,DF,22,2332,0.825,0.899,81.0,87.0,6.0,38500000.0,0.029,0.069,0.193,0.347,1.119,0.65,0.584,-0.632,0.182,1.154,-0.699,1.395,2.112,2.264
59,Sebastian Nanasi,Strasbourg,FRA-Ligue 1,MF,23,1050,0.802,0.815,75.0,82.0,7.0,11500000.0,0.409,0.209,0.771,1.629,1.457,0.737,0.185,2.184,0.482,2.487,0.091,0.134,0.989,-0.754
60,Hannes Behrens,Heidenheim,GER-Bundesliga,DF,20,1318,0.787,0.887,70.0,77.0,7.0,3000000.0,0.022,0.188,0.205,0.615,1.297,0.422,0.333,-0.802,2.201,1.26,0.079,1.766,0.607,0.4
61,Bazoumana Touré,Hoffenheim,GER-Bundesliga,MF,19,2308,0.764,0.887,77.0,86.0,9.0,23000000.0,0.201,0.282,0.546,1.872,1.716,0.629,0.235,0.559,1.423,1.598,0.572,0.732,0.757,-0.291
62,Lewis Hall,Newcastle,ENG-Premier League,DF,20,2181,0.752,1.0,81.0,86.0,5.0,35500000.0,0.053,0.105,0.083,1.032,1.032,0.366,0.308,0.048,1.008,-0.016,1.707,1.46,0.55,0.507
63,Xavi Simons,Tottenham,ENG-Premier League,MF,22,1755,0.75,1.0,82.0,85.0,3.0,42500000.0,0.139,0.238,0.359,2.154,1.744,0.489,0.267,0.156,1.286,0.828,1.284,1.128,0.382,0.187
64,Dango Ouattara,Brentford,ENG-Premier League,MF,23,2276,0.749,1.0,78.0,82.0,4.0,20000000.0,0.344,0.232,0.395,2.214,1.068,0.524,0.1,2.293,1.207,1.052,1.372,-0.08,0.572,-1.171
65,Fares Chaïbi,Frankfurt,GER-Bundesliga,MF,22,1792,0.746,0.887,76.0,81.0,5.0,11500000.0,0.177,0.253,0.552,1.758,2.009,0.557,0.288,0.341,1.118,1.634,0.426,1.196,0.409,0.095
66,Carlos Romero,Espanyol,ESP-La Liga,DF,23,3191,0.728,0.899,79.0,83.0,4.0,23500000.0,0.083,0.093,0.254,1.185,0.79,0.317,0.22,0.6,0.604,1.859,1.818,0.634,-0.028,-0.391
67,Jacobo Ramón,Como,ITA-Serie A,DF,20,2742,0.725,0.928,74.0,84.0,10.0,8500000.0,0.18,0.034,0.066,1.28,0.361,0.366,0.342,2.924,-0.401,-0.294,2.23,-0.328,0.36,0.583
68,Jean Mattéo Bahoya,Frankfurt,GER-Bundesliga,MF,20,1331,0.724,0.887,75.0,85.0,10.0,12500000.0,0.147,0.272,0.473,1.961,2.096,0.583,0.265,0.065,1.315,1.202,0.686,1.335,0.535,-0.068
69,Conrad Harder,RB Leipzig,GER-Bundesliga,FW,20,932,0.721,0.887,75.0,85.0,10.0,12500000.0,0.452,0.272,0.579,4.056,1.352,0.717,0.11,0.366,1.615,0.592,1.914,0.503,0.617,-0.557
70,Yankuba Minteh,Brighton,ENG-Premier League,MF,21,2391,0.71,1.0,80.0,86.0,6.0,33000000.0,0.179,0.22,0.263,1.543,1.656,0.618,0.323,0.57,1.065,0.241,0.403,0.972,1.079,0.641
71,Julio Enciso,Strasbourg,FRA-Ligue 1,MF,21,1883,0.709,0.815,75.0,84.0,9.0,12500000.0,0.331,0.211,0.382,2.916,1.243,0.756,0.286,1.515,0.499,0.537,1.605,-0.178,1.072,-0.087
72,Rômulo,RB Leipzig,GER-Bundesliga,FW,23,2188,0.707,0.887,78.0,83.0,5.0,21500000.0,0.624,0.148,0.535,2.591,1.028,0.976,0.289,1.417,0.116,0.375,0.052,-0.137,1.859,1.266
73,Nico Williams,Athletic Club,ESP-La Liga,MF,23,1674,0.706,0.899,,,,,0.235,0.223,0.43,2.473,1.828,0.581,0.177,0.911,0.83,0.998,1.384,0.949,0.562,-0.693
74,Mathys Tel,Tottenham,ENG-Premier League,MF,20,1349,0.703,1.0,77.0,85.0,8.0,23500000.0,0.189,0.228,0.334,2.335,1.935,0.413,0.174,0.671,1.159,0.672,1.546,1.469,-0.029,-0.568
75,Ernest Poku,Leverkusen,GER-Bundesliga,MF,21,1482,0.7,0.887,76.0,85.0,9.0,17000000.0,0.226,0.192,0.607,1.64,1.64,0.653,0.266,0.799,0.476,1.933,0.275,0.611,0.87,-0.066
76,Afonso Moreira,Lyon,FRA-Ligue 1,MF,20,1722,0.699,0.815,75.0,84.0,9.0,12500000.0,0.165,0.31,0.575,2.091,1.672,0.692,0.293,0.108,1.451,1.502,0.635,0.448,0.788,-0.04
77,Morgan Rogers,Aston Villa,ENG-Premier League,MF,23,3280,0.698,1.0,84.0,86.0,2.0,56000000.0,0.196,0.205,0.439,2.305,1.317,0.5,0.197,0.75,0.89,1.32,1.502,0.366,0.441,-0.381
78,Dean Huijsen,Real Madrid,ESP-La Liga,DF,20,2034,0.687,0.899,81.0,88.0,7.0,47500000.0,0.103,0.051,0.177,0.885,0.442,0.464,0.446,1.047,-0.127,0.97,0.917,-0.167,0.915,1.258
79,Guéla Doué,Strasbourg,FRA-Ligue 1,DF,22,2061,0.678,0.815,77.0,82.0,5.0,15000000.0,0.08,0.12,0.349,0.524,0.83,0.438,0.334,0.357,0.873,2.586,-0.315,0.548,0.484,0.215
80,Francesco Esposito,Inter,ITA-Serie A,FW,20,1571,0.673,0.928,76.0,84.0,8.0,16500000.0,0.565,0.118,0.573,3.265,1.203,0.773,0.206,1.215,-0.188,0.689,1.101,0.319,1.059,0.517
81,Kamaldeen Sulemana,Atalanta,ITA-Serie A,MF,23,1011,0.667,0.928,73.0,76.0,3.0,4200000.0,0.221,0.203,0.267,2.226,1.157,0.704,0.346,0.848,0.692,0.145,1.156,-0.069,1.271,0.629
82,Franco Mastantuono,Real Madrid,ESP-La Liga,MF,17,1037,0.665,0.899,77.0,87.0,10.0,22000000.0,0.233,0.248,0.087,2.604,1.389,0.664,0.381,0.888,1.105,-0.9,1.554,0.243,0.966,0.802
83,Said El Mala,Köln,GER-Bundesliga,FW,18,1956,0.648,0.887,76.0,87.0,11.0,16000000.0,0.544,0.193,0.736,3.405,0.92,0.793,0.153,0.928,0.653,1.354,1.086,-0.351,0.984,-0.117
84,Omari Hutchinson,Nottingham,ENG-Premier League,MF,21,1688,0.643,1.0,76.0,84.0,8.0,17000000.0,0.116,0.263,0.32,1.333,1.759,0.551,0.3,-0.086,1.575,0.588,0.099,1.156,0.717,0.453
85,Christian Kofane,Leverkusen,GER-Bundesliga,FW,19,1239,0.639,0.887,76.0,86.0,10.0,16000000.0,0.584,0.163,0.654,3.341,1.235,0.812,0.136,1.174,0.293,0.953,1.006,0.271,1.075,-0.298
86,Wilson Odobert,Tottenham,ENG-Premier League,MF,20,985,0.634,1.0,77.0,84.0,7.0,21000000.0,0.225,0.178,0.183,1.919,1.827,0.545,0.263,1.05,0.574,-0.256,0.945,1.278,0.688,0.159
87,Jesus Vazquez,Valencia,ESP-La Liga,DF,22,974,0.618,0.899,71.0,77.0,6.0,2800000.0,0.027,0.141,0.0,0.739,1.294,0.54,0.408,-0.686,1.431,-1.078,0.479,1.797,1.405,0.981
88,Petar Sučić,Inter,ITA-Serie A,MF,21,1765,0.612,0.928,77.0,83.0,6.0,17000000.0,0.111,0.206,0.204,1.122,1.479,0.775,0.557,-0.22,0.726,-0.215,-0.322,0.464,1.63,2.222
89,Malik Tillman,Leverkusen,GER-Bundesliga,MF,23,1674,0.602,0.887,79.0,84.0,5.0,26500000.0,0.275,0.194,0.376,1.828,1.452,0.676,0.272,1.253,0.497,0.673,0.516,0.313,0.983,-0.022
90,Fisnik Asllani,Hoffenheim,GER-Bundesliga,FW,22,2335,0.596,0.887,79.0,83.0,4.0,26000000.0,0.366,0.208,0.655,2.814,1.31,0.761,0.257,-0.156,0.842,0.961,0.335,0.421,0.831,0.939
91,João Pedro,Chelsea,ENG-Premier League,FW,23,2661,0.587,1.0,82.0,86.0,4.0,44000000.0,0.532,0.135,0.676,2.469,0.981,0.652,0.162,1.266,0.159,1.483,0.296,0.016,0.705,0.183
92,Jarell Quansah,Leverkusen,GER-Bundesliga,DF,22,2299,0.578,0.887,76.0,84.0,8.0,15500000.0,0.14,0.035,0.157,0.705,0.431,0.481,0.385,1.84,-0.401,0.709,0.347,-0.208,0.986,0.776
93,Senny Mayulu,PSG,FRA-Ligue 1,MF,19,1672,0.577,0.815,77.0,86.0,9.0,22500000.0,0.259,0.216,0.431,1.884,2.099,0.626,0.276,0.909,0.55,0.779,0.392,1.069,0.497,-0.156
94,Kevin Schade,Brentford,ENG-Premier League,MF,23,2745,0.577,1.0,79.0,83.0,4.0,25000000.0,0.363,0.15,0.361,1.869,0.951,0.57,0.129,2.494,0.234,0.838,0.873,-0.289,0.82,-0.931
95,Adrien Truffert,Bournemouth,ENG-Premier League,DF,23,3379,0.574,1.0,79.0,83.0,4.0,23500000.0,0.053,0.117,0.16,0.426,0.879,0.406,0.265,0.043,1.255,0.979,-0.318,1.068,0.836,0.158
96,Ange-Yoan Bonny,Inter,ITA-Serie A,FW,21,1142,0.573,0.928,78.0,86.0,8.0,32000000.0,0.361,0.21,0.709,1.734,1.34,0.763,0.256,-0.086,0.987,1.383,-0.936,0.602,1.007,1.052
97,Jack Hinshelwood,Brighton,ENG-Premier League,MF,20,1741,0.565,1.0,76.0,84.0,8.0,15500000.0,0.246,0.122,0.362,1.913,0.827,0.6,0.307,1.273,-0.096,0.846,0.936,-0.51,0.986,0.516
98,Hákon Haraldsson,Lille,FRA-Ligue 1,MF,22,2460,0.564,0.815,78.0,83.0,5.0,21500000.0,0.3,0.166,0.366,1.829,1.939,0.691,0.334,1.255,0.061,0.454,0.327,0.836,0.784,0.23
99,Aleksandar Pavlovic,Bayern Munich,GER-Bundesliga,MF,21,1462,0.553,0.887,82.0,87.0,5.0,43000000.0,0.095,0.12,0.246,0.616,1.293,0.89,0.77,-0.415,-0.277,-0.036,-1.036,0.061,2.007,3.568
100,Georginio Rutter,Brighton,ENG-Premier League,MF,23,1786,0.552,1.0,77.0,83.0,6.0,16500000.0,0.148,0.232,0.302,2.116,1.26,0.547,0.212,0.245,1.206,0.48,1.23,0.263,0.698,-0.257
101,Maghnes Akliouche,Monaco,FRA-Ligue 1,MF,23,2400,0.536,0.815,80.0,86.0,6.0,33500000.0,0.248,0.201,0.45,1.8,1.65,0.711,0.312,0.813,0.399,0.876,0.293,0.415,0.874,0.083
102,Ansgar Knauff,Frankfurt,GER-Bundesliga,MF,23,1326,0.535,0.887,77.0,81.0,4.0,15000000.0,0.251,0.197,0.339,2.308,1.154,0.639,0.266,1.029,0.535,0.472,1.13,-0.159,0.806,-0.064
103,Kamory Doumbia,Brest,FRA-Ligue 1,MF,22,1750,0.525,0.815,75.0,81.0,6.0,9000000.0,0.257,0.229,0.463,2.211,1.389,0.666,0.252,0.89,0.668,0.94,0.777,0.035,0.674,-0.312
104,Benjamin Šeško,Manchester Utd,ENG-Premier League,FW,22,1643,0.524,1.0,80.0,87.0,7.0,43000000.0,0.685,0.033,0.657,3.341,0.493,0.779,0.089,2.319,-1.235,1.378,1.547,-1.072,1.391,-0.658
105,Roberto Navarro,Athletic Club,ESP-La Liga,MF,23,1307,0.523,0.899,,,,,0.227,0.142,0.482,1.446,1.653,0.572,0.316,0.837,-0.027,1.285,0.052,0.667,0.518,0.33
106,Malick Thiaw,Newcastle,ENG-Premier League,DF,23,2965,0.519,1.0,81.0,85.0,4.0,33000000.0,0.179,0.025,0.121,0.85,0.182,0.278,0.262,3.236,-0.52,0.485,1.099,-0.721,-0.083,0.135
107,Youssef Lekhedim,Alavés,ESP-La Liga,DF,19,1335,0.515,0.899,70.0,81.0,11.0,3300000.0,0.053,0.187,0.067,0.742,1.079,0.388,0.211,-0.083,2.224,-0.298,0.486,1.301,0.425,-0.452
108,Patrick Dorgu,Manchester Utd,ENG-Premier League,MF,20,1449,0.514,1.0,77.0,84.0,7.0,21000000.0,0.186,0.193,0.497,1.553,1.677,0.433,0.124,0.64,0.75,1.676,0.417,1.009,0.083,-0.975
109,Arijon Ibrahimović,Heidenheim,GER-Bundesliga,MF,19,2169,0.494,0.887,72.0,83.0,11.0,5000000.0,0.204,0.281,0.207,1.95,2.324,0.52,0.15,0.588,1.411,-0.248,0.672,1.695,0.235,-0.899
110,Alberto Moleiro,Villarreal,ESP-La Liga,MF,21,2478,0.489,0.899,82.0,87.0,5.0,47000000.0,0.204,0.21,0.545,1.671,1.38,0.553,0.2,0.616,0.695,1.632,0.343,0.229,0.429,-0.523
111,Quilindschy Hartman,Burnley,ENG-Premier League,DF,23,1825,0.487,1.0,76.0,80.0,4.0,10000000.0,0.019,0.138,0.247,0.444,0.986,0.258,0.201,-0.827,1.643,2.095,-0.259,1.344,-0.223,-0.363
112,Rémy Labeau Lascary,Brest,FRA-Ligue 1,MF,22,1200,0.486,0.815,73.0,80.0,7.0,6000000.0,0.4,0.199,0.45,2.55,0.975,0.643,0.125,2.111,0.385,0.876,1.175,-0.568,0.573,-1.152
113,Nicola Zalewski,Atalanta,ITA-Serie A,MF,23,1897,0.475,0.928,77.0,79.0,2.0,13500000.0,0.149,0.244,0.285,1.803,1.708,0.491,0.283,0.145,1.143,0.245,0.59,0.844,0.203,0.151
114,Luka Vušković,Hamburger SV,GER-Bundesliga,DF,18,2442,0.46,0.887,78.0,88.0,10.0,27500000.0,0.145,0.021,0.184,1.143,0.405,0.297,0.235,1.951,-0.646,1.025,1.646,-0.265,-0.187,-0.301
115,João Neves,PSG,FRA-Ligue 1,MF,20,1287,0.454,0.815,88.0,93.0,5.0,135000000.0,0.221,0.173,0.42,1.888,0.979,0.65,0.496,0.583,0.132,0.723,0.397,-0.562,0.603,1.303
116,Konstantinos Koulierakis,Wolfsburg,GER-Bundesliga,DF,21,2482,0.449,0.887,76.0,85.0,9.0,15500000.0,0.129,0.064,0.181,0.943,0.508,0.281,0.24,1.598,0.091,0.992,1.053,-0.032,-0.288,-0.27
117,Arnau Martinez,Girona,ESP-La Liga,DF,22,2666,0.442,0.899,78.0,83.0,5.0,20000000.0,0.072,0.091,0.169,0.641,0.776,0.369,0.303,0.335,0.576,0.875,0.185,0.604,0.302,0.217
118,Diego Gómez,Brighton,ENG-Premier League,MF,22,2120,0.434,1.0,77.0,84.0,7.0,20000000.0,0.272,0.089,0.255,1.783,0.849,0.612,0.301,1.548,-0.487,0.187,0.749,-0.47,1.046,0.468
119,Paul Nebel,Mainz 05,GER-Bundesliga,MF,22,2073,0.429,0.887,76.0,83.0,7.0,15000000.0,0.25,0.232,0.304,1.389,1.78,0.611,0.184,1.022,0.898,0.278,-0.046,0.834,0.672,-0.654
120,Diego Moreira,Strasbourg,FRA-Ligue 1,MF,20,2034,0.426,0.815,78.0,84.0,6.0,22000000.0,0.098,0.307,0.442,1.283,1.637,0.628,0.389,-0.462,1.425,0.838,-0.315,0.397,0.507,0.592
121,Ismaëlo Ganiou,Lens,FRA-Ligue 1,DF,20,2014,0.42,0.815,75.0,83.0,8.0,11500000.0,0.096,0.022,0.134,1.028,0.402,0.486,0.467,0.691,-0.652,0.328,1.058,-0.347,0.763,1.098
122,Adam Daghim,Wolfsburg,GER-Bundesliga,MF,19,1364,0.42,0.887,72.0,80.0,8.0,5000000.0,0.205,0.203,0.33,1.782,1.188,0.646,0.294,0.602,0.592,0.42,0.456,-0.105,0.836,0.137
123,Anton Kade,Augsburg,GER-Bundesliga,MF,21,1743,0.416,0.887,73.0,80.0,7.0,6000000.0,0.347,0.16,0.31,2.478,1.291,0.564,0.095,1.913,0.139,0.31,1.348,0.058,0.443,-1.297
124,Samuele Ricci,Milan,ITA-Serie A,MF,23,1312,0.411,0.928,79.0,85.0,6.0,25500000.0,0.144,0.191,0.343,1.235,1.372,0.6,0.365,0.102,0.558,0.578,-0.171,0.287,0.751,0.773
125,Antonio Nusa,RB Leipzig,GER-Bundesliga,FW,20,2027,0.402,0.887,78.0,88.0,10.0,31000000.0,0.231,0.211,0.311,2.708,1.465,0.742,0.357,-0.98,0.874,-0.714,0.201,0.727,0.739,1.967
126,Milos Kerkez,Liverpool,ENG-Premier League,DF,21,2257,0.399,1.0,81.0,85.0,4.0,35000000.0,0.056,0.074,0.12,0.359,1.037,0.378,0.274,0.109,0.426,0.462,-0.544,1.473,0.639,0.226
127,Jakub Kamiński,Köln,GER-Bundesliga,MF,23,3016,0.387,0.887,77.0,82.0,5.0,16000000.0,0.238,0.167,0.298,1.85,1.492,0.55,0.281,0.904,0.213,0.248,0.544,0.377,0.378,0.046
128,Aaron Zehnter,Wolfsburg,GER-Bundesliga,DF,20,1456,0.368,0.887,74.0,80.0,6.0,6000000.0,0.112,0.065,0.124,0.68,0.989,0.356,0.192,1.215,0.108,0.333,0.273,1.064,0.193,-0.613
129,Pablo Torre,Mallorca,ESP-La Liga,MF,22,1599,0.364,0.899,74.0,82.0,8.0,9500000.0,0.158,0.166,0.45,1.407,1.914,0.466,0.261,0.189,0.232,1.11,0.001,1.086,0.003,-0.074
130,Nicolás González,Manchester City,ENG-Premier League,MF,23,1569,0.362,1.0,81.0,85.0,4.0,33500000.0,0.035,0.051,0.057,0.803,0.631,0.849,0.813,-0.934,-0.935,-1.027,-0.665,-0.86,2.327,4.629
131,Yan Couto,Dortmund,GER-Bundesliga,MF,23,997,0.36,0.887,77.0,81.0,4.0,14000000.0,0.087,0.257,0.361,0.812,1.535,0.622,0.397,-0.493,1.164,0.59,-0.784,0.445,0.721,0.877
132,Adam Wharton,Crystal Palace,ENG-Premier League,MF,21,2552,0.35,1.0,81.0,87.0,6.0,38000000.0,0.041,0.234,0.212,1.129,1.552,0.518,0.372,-0.875,1.228,-0.078,-0.196,0.785,0.539,1.046
133,Gonzalo García,Real Madrid,ESP-La Liga,FW,21,964,0.346,0.899,74.0,84.0,10.0,9500000.0,0.492,0.153,0.654,1.961,1.214,0.754,0.181,0.651,0.193,0.995,-0.716,0.262,0.843,0.193
134,Javi Rueda,Celta Vigo,ESP-La Liga,MF,23,1404,0.343,0.899,,,,,0.103,0.243,0.513,0.705,0.962,0.581,0.41,-0.332,1.048,1.456,-0.909,-0.443,0.564,1.014
135,Mamadou Sangare,Lens,FRA-Ligue 1,MF,23,2323,0.341,0.815,80.0,87.0,7.0,42000000.0,0.127,0.11,0.271,2.053,1.433,0.702,0.537,-0.215,-0.477,-0.02,0.591,0.1,0.833,1.576
136,Noni Madueke,Arsenal,ENG-Premier League,FW,23,1211,0.335,1.0,80.0,84.0,4.0,30000000.0,0.148,0.298,0.297,1.858,1.635,0.5,0.245,-1.369,2.392,-0.595,-0.58,1.475,-0.114,1.135
137,Alan Matturro,Levante,ESP-La Liga,DF,20,947,0.335,0.899,70.0,80.0,10.0,3300000.0,0.089,0.114,0.19,0.76,0.38,0.318,0.18,0.729,0.967,1.121,0.542,-0.311,-0.024,-0.683
138,Mert Kömür,Augsburg,GER-Bundesliga,MF,20,1464,0.329,0.887,72.0,82.0,10.0,5000000.0,0.286,0.17,0.369,2.52,1.291,0.433,0.108,1.348,0.248,0.632,1.402,0.059,-0.181,-1.203
139,Santiago Hidalgo,Toulouse,FRA-Ligue 1,MF,20,1306,0.326,0.815,70.0,81.0,11.0,3500000.0,0.276,0.188,0.689,2.274,0.896,0.458,0.143,1.047,0.272,2.074,0.851,-0.683,-0.244,-1.035
140,Johan Manzambi,Freiburg,GER-Bundesliga,MF,19,2077,0.319,0.887,77.0,86.0,9.0,22500000.0,0.174,0.155,0.39,2.21,0.823,0.54,0.334,0.317,0.09,0.748,1.005,-0.683,0.329,0.425
141,Charlie Cresswell,Toulouse,FRA-Ligue 1,DF,22,2533,0.315,0.815,77.0,83.0,6.0,15500000.0,0.159,0.043,0.178,1.35,0.391,0.22,0.151,1.975,-0.336,0.785,1.937,-0.371,-0.789,-0.994
142,Piero Hincapié,Arsenal,ENG-Premier League,DF,23,1792,0.311,1.0,83.0,87.0,4.0,48500000.0,0.021,0.107,0.151,0.151,0.653,0.426,0.346,-0.773,1.052,0.861,-1.24,0.488,0.979,0.811
143,Trai Hume,Sunderland,ENG-Premier League,DF,23,3036,0.31,1.0,78.0,81.0,3.0,18000000.0,0.08,0.062,0.089,1.008,0.8,0.244,0.125,0.735,0.185,0.067,1.628,0.866,-0.325,-0.983
144,Jonathan Rowe,Bologna,ITA-Serie A,MF,22,1605,0.308,0.928,75.0,82.0,7.0,11500000.0,0.279,0.151,0.28,2.692,1.178,0.462,0.077,1.407,0.125,0.221,1.78,-0.035,0.056,-1.399
145,Hannibal Mejbri,Burnley,ENG-Premier League,MF,22,1229,0.305,1.0,75.0,82.0,7.0,11500000.0,0.055,0.208,0.366,1.391,1.538,0.436,0.247,-0.725,0.923,0.872,0.184,0.76,0.097,0.027
146,Álex Valle,Como,ITA-Serie A,DF,21,2026,0.304,0.928,74.0,84.0,10.0,9000000.0,0.039,0.066,0.222,0.489,0.622,0.375,0.301,-0.374,0.168,1.575,-0.227,0.293,0.42,0.27
147,Marc Pubill,Atlético Madrid,ESP-La Liga,DF,22,1381,0.29,0.899,80.0,87.0,7.0,40000000.0,0.086,0.041,0.13,0.717,0.196,0.449,0.375,0.667,-0.297,0.43,0.412,-0.737,0.817,0.741
148,Valentín Barco,Strasbourg,FRA-Ligue 1,MF,21,2168,0.288,0.815,78.0,84.0,6.0,21500000.0,0.137,0.22,0.249,1.121,1.577,0.709,0.455,-0.136,0.583,-0.131,-0.506,0.31,0.863,1.031
149,Carlos Álvarez,Levante,ESP-La Liga,MF,21,1890,0.28,0.899,77.0,83.0,6.0,17000000.0,0.126,0.219,0.19,1.476,1.905,0.523,0.294,-0.115,0.792,-0.326,0.091,1.072,0.283,0.163
150,Álvaro Rodríguez,Elche,ESP-La Liga,FW,21,2201,0.275,0.899,72.0,83.0,11.0,5000000.0,0.498,0.158,0.491,3.026,1.308,0.616,0.115,0.688,0.258,0.193,0.656,0.452,0.173,-0.497
151,Assane Diao,Como,ITA-Serie A,MF,19,1075,0.265,0.928,76.0,87.0,11.0,16000000.0,0.266,0.141,0.251,2.595,0.753,0.539,0.151,1.279,0.009,0.054,1.652,-0.738,0.443,-0.846
152,Derry Scherhant,Freiburg,GER-Bundesliga,MF,22,1301,0.262,0.887,73.0,78.0,5.0,4700000.0,0.229,0.136,0.415,2.49,1.522,0.378,0.121,0.827,-0.111,0.885,1.364,0.425,-0.445,-1.108
153,Sael Kumbedi,Wolfsburg,GER-Bundesliga,DF,20,1804,0.262,0.887,75.0,81.0,6.0,8000000.0,0.023,0.156,0.249,0.249,0.898,0.305,0.203,-0.778,1.653,1.769,-1.004,0.856,-0.135,-0.531
154,El Hadji Malick Diouf,West Ham,ENG-Premier League,DF,20,2707,0.259,1.0,78.0,84.0,6.0,20500000.0,0.019,0.108,0.166,0.598,0.964,0.231,0.169,-0.827,1.077,1.061,0.258,1.287,-0.42,-0.621
155,Victor Parada,Alavés,ESP-La Liga,DF,23,2146,0.251,0.899,70.0,74.0,4.0,2100000.0,0.078,0.1,0.126,0.503,0.587,0.34,0.29,0.483,0.72,0.378,-0.231,0.167,0.115,0.124
156,Oscar Bobb,Manchester City,ENG-Premier League,MF,22,1039,0.246,1.0,76.0,84.0,8.0,17000000.0,0.124,0.175,0.087,1.039,1.906,0.499,0.307,-0.006,0.53,-0.847,-0.324,1.417,0.437,0.514
157,Joel Roca,Girona,ESP-La Liga,MF,20,1473,0.239,0.899,73.0,82.0,9.0,6500000.0,0.276,0.119,0.244,2.933,0.978,0.507,0.122,1.294,-0.27,-0.028,1.981,-0.417,0.204,-1.093
158,Ibrahim Mbaye,PSG,FRA-Ligue 1,FW,17,1006,0.237,0.815,74.0,85.0,11.0,8500000.0,0.307,0.211,0.447,2.147,1.789,0.772,0.282,-0.671,0.672,-0.227,-0.734,1.081,0.582,0.958
159,Joe Scally,Gladbach,GER-Bundesliga,DF,22,2608,0.234,0.887,75.0,78.0,3.0,7000000.0,0.093,0.056,0.173,0.587,0.621,0.333,0.241,0.795,-0.051,0.892,-0.003,0.226,0.042,-0.263
160,Kassoum Ouattara,Monaco,FRA-Ligue 1,MF,20,967,0.227,0.815,72.0,80.0,8.0,4900000.0,0.11,0.252,0.279,1.117,1.582,0.671,0.381,-0.36,0.889,0.02,-0.511,0.317,0.695,0.541
161,Kacper Potulski,Mainz 05,GER-Bundesliga,DF,17,1065,0.222,0.887,68.0,83.0,15.0,2600000.0,0.221,0.052,0.085,1.183,0.169,0.104,0.076,3.675,-0.113,-0.113,1.766,-0.804,-1.415,-1.445
162,Carlos Espí,Levante,ESP-La Liga,FW,20,1343,0.214,0.899,75.0,84.0,9.0,12000000.0,0.662,0.046,0.737,3.82,0.603,0.625,0.024,1.704,-1.114,1.407,1.68,-0.963,0.218,-1.436
163,Cristian Volpato,Sassuolo,ITA-Serie A,FW,21,1064,0.211,0.928,70.0,78.0,8.0,3600000.0,0.148,0.245,0.508,1.776,1.945,0.523,0.191,-1.445,1.425,0.357,-0.88,1.856,-0.194,0.361
164,Arthur Atta,Udinese,ITA-Serie A,MF,22,2557,0.206,0.928,74.0,82.0,8.0,9500000.0,0.149,0.115,0.282,2.006,1.197,0.509,0.289,0.146,-0.28,0.227,0.863,-0.003,0.292,0.196
165,Martim Neto,Elche,ESP-La Liga,MF,22,1347,0.205,0.899,72.0,81.0,9.0,5000000.0,0.07,0.188,0.468,0.802,1.737,0.459,0.329,-0.646,0.465,1.206,-0.784,0.803,-0.03,0.421
166,James Hill,Bournemouth,ENG-Premier League,DF,23,2106,0.203,1.0,75.0,79.0,4.0,7000000.0,0.041,0.061,0.128,0.513,0.556,0.323,0.307,-0.27,0.172,0.572,-0.029,0.238,0.242,0.495
167,Sepp van den Berg,Brentford,ENG-Premier League,DF,23,2763,0.202,1.0,77.0,83.0,6.0,15000000.0,0.109,0.072,0.065,0.749,0.228,0.285,0.209,1.451,0.373,-0.24,0.762,-0.603,-0.034,-0.296
168,Nicolò Savona,Nottingham,ENG-Premier League,DF,22,1028,0.201,1.0,75.0,81.0,6.0,8500000.0,0.108,0.052,0.175,0.438,0.525,0.263,0.135,1.441,-0.002,1.175,-0.28,0.16,-0.187,-0.902
169,Carmona,Sevilla,ESP-La Liga,DF,23,2565,0.199,0.899,77.0,83.0,6.0,15500000.0,0.033,0.083,0.14,0.702,0.772,0.329,0.266,-0.536,0.427,0.546,0.366,0.593,0.049,-0.054
170,Raúl Asencio,Real Madrid,ESP-La Liga,DF,22,1708,0.199,0.899,78.0,83.0,5.0,19500000.0,0.08,0.024,0.105,0.738,0.263,0.416,0.385,0.516,-0.581,0.141,0.474,-0.58,0.604,0.815
171,Karl Etta Eyong,Levante,ESP-La Liga,FW,21,1672,0.198,0.899,75.0,84.0,9.0,12500000.0,0.553,0.152,0.592,2.691,0.807,0.649,0.112,1.029,0.184,0.693,0.225,-0.553,0.336,-0.531
172,Gift Orban,Hellas Verona,ITA-Serie A,FW,23,2027,0.196,0.928,74.0,81.0,7.0,8500000.0,0.476,0.112,0.311,3.774,0.932,0.674,0.114,0.647,-0.257,-0.644,1.777,-0.242,0.562,-0.47
173,Javier Guerra,Valencia,ESP-La Liga,MF,22,2061,0.179,0.899,76.0,84.0,8.0,17000000.0,0.131,0.151,0.437,1.354,1.354,0.483,0.272,-0.066,0.073,1.035,-0.068,0.187,0.089,0.002
174,Marc Casado,Barcelona,ESP-La Liga,MF,21,989,0.177,0.899,78.0,82.0,4.0,18500000.0,0.094,0.053,0.091,1.001,1.274,0.747,0.627,-0.416,-0.976,-0.876,-0.525,0.059,1.371,2.6
175,Yuito Suzuki,Freiburg,GER-Bundesliga,MF,23,1632,0.175,0.887,75.0,78.0,3.0,7500000.0,0.23,0.116,0.331,2.096,1.379,0.465,0.172,0.836,-0.323,0.425,0.858,0.198,-0.029,-0.74
176,Pape Matar Sarr,Tottenham,ENG-Premier League,MF,22,1398,0.174,1.0,80.0,85.0,5.0,32000000.0,0.132,0.157,0.386,1.094,0.708,0.452,0.319,0.078,0.317,0.996,-0.245,-0.722,0.182,0.613
177,Lamine Camara,Monaco,FRA-Ligue 1,MF,21,1847,0.173,0.815,79.0,85.0,6.0,28000000.0,0.065,0.248,0.341,1.218,1.705,0.542,0.379,-0.741,0.855,0.33,-0.391,0.496,0.13,0.53
178,Igor Matanović,Freiburg,GER-Bundesliga,FW,22,1571,0.172,0.887,74.0,78.0,4.0,6000000.0,0.462,0.128,0.687,2.922,1.26,0.561,0.079,0.428,-0.129,1.117,0.472,0.322,-0.129,-0.878
179,Jorrel Hato,Chelsea,ENG-Premier League,DF,19,1148,0.171,1.0,78.0,87.0,9.0,29000000.0,0.027,0.056,0.0,0.314,0.627,0.484,0.456,-0.627,0.067,-1.078,-0.695,0.422,1.396,1.709
180,Gerard Martín,Barcelona,ESP-La Liga,DF,23,2119,0.131,0.899,78.0,82.0,4.0,18000000.0,0.013,0.032,0.0,0.297,0.552,0.614,0.592,-1.004,-0.443,-1.078,-0.85,0.086,1.881,2.326
181,Abdukodir Khusanov,Manchester City,ENG-Premier League,DF,21,1432,0.128,1.0,80.0,86.0,6.0,31000000.0,0.042,0.036,0.0,0.44,0.377,0.48,0.448,-0.227,-0.312,-1.078,-0.272,-0.22,1.366,1.641
182,Crysencio Summerville,West Ham,ENG-Premier League,MF,23,2470,0.126,1.0,78.0,83.0,5.0,21000000.0,0.208,0.118,0.255,1.968,1.02,0.404,0.144,0.871,-0.143,0.189,1.015,-0.165,-0.075,-0.809
183,Niccolò Pisilli,Roma,ITA-Serie A,MF,20,1295,0.126,0.928,72.0,84.0,12.0,5500000.0,0.158,0.154,0.417,1.32,0.834,0.456,0.28,0.233,0.155,1.0,-0.056,-0.605,0.026,0.128
184,Kevin,Fulham,ENG-Premier League,MF,22,1041,0.119,1.0,76.0,81.0,5.0,11500000.0,0.115,0.107,0.173,2.161,1.21,0.417,0.25,-0.094,-0.269,-0.316,1.295,0.175,-0.007,0.05
185,Conor Bradley,Liverpool,ENG-Premier League,DF,22,929,0.119,1.0,79.0,84.0,5.0,25000000.0,0.021,0.116,0.097,0.581,0.388,0.331,0.233,-0.759,1.221,0.169,0.2,-0.194,0.296,-0.103
186,Fabian Rieder,Augsburg,GER-Bundesliga,MF,23,2343,0.114,0.887,74.0,81.0,7.0,8500000.0,0.102,0.206,0.269,1.46,1.69,0.447,0.249,-0.355,0.63,0.087,0.044,0.691,-0.117,-0.185
187,Adam Obert,Cagliari,ITA-Serie A,DF,22,2771,0.109,0.928,73.0,79.0,6.0,4600000.0,0.044,0.12,0.097,0.325,0.844,0.296,0.24,-0.263,1.147,0.086,-0.736,0.823,-0.106,-0.19
188,Joshua King,Fulham,ENG-Premier League,MF,18,1308,0.108,1.0,74.0,84.0,10.0,9000000.0,0.261,0.072,0.206,1.789,1.032,0.426,0.179,1.433,-0.692,-0.11,0.758,-0.143,0.042,-0.528
189,Michael Kayode,Brentford,ENG-Premier League,DF,21,3258,0.106,1.0,80.0,85.0,5.0,29000000.0,0.032,0.088,0.055,0.249,0.912,0.36,0.264,-0.48,0.689,-0.367,-0.912,1.152,0.51,0.151
190,Pau Cubarsí,Barcelona,ESP-La Liga,DF,18,2703,0.102,0.899,83.0,89.0,6.0,48000000.0,0.018,0.014,0.033,0.333,0.166,0.631,0.629,-0.88,-0.752,-0.693,-0.743,-0.804,1.992,2.597
191,Lukas Ullrich,Gladbach,GER-Bundesliga,DF,21,1305,0.099,0.887,73.0,79.0,6.0,4600000.0,0.052,0.062,0.0,0.69,0.966,0.385,0.297,-0.126,0.063,-1.078,0.302,1.01,0.376,0.144
192,Elliot Anderson,Nottingham,ENG-Premier League,MF,22,3331,0.082,1.0,82.0,86.0,4.0,40500000.0,0.072,0.131,0.189,1.189,1.486,0.44,0.323,-0.542,0.011,-0.216,-0.108,0.668,0.119,0.644
193,Abdelhamid Ait Boudlal,Rennes,FRA-Ligue 1,DF,19,1403,0.077,0.815,71.0,82.0,11.0,3800000.0,0.117,0.034,0.192,0.834,0.064,0.286,0.284,1.113,-0.469,0.94,0.53,-1.054,-0.404,-0.118
194,Chema,Stuttgart,GER-Bundesliga,MF,20,1310,0.07,0.887,,,,,0.136,0.084,0.206,1.031,1.031,0.589,0.516,-0.041,-0.66,-0.255,-0.505,-0.354,0.566,1.741
195,Santiago Mouriño,Villarreal,ESP-La Liga,DF,23,2377,0.068,0.899,78.0,85.0,7.0,27000000.0,0.047,0.032,0.114,0.606,0.341,0.396,0.38,-0.238,-0.451,0.236,0.078,-0.402,0.477,0.775
196,Tom Louchet,Nice,FRA-Ligue 1,MF,22,1367,0.068,0.815,73.0,81.0,8.0,7000000.0,0.205,0.219,0.329,1.383,1.317,0.519,0.211,0.45,0.574,0.27,-0.198,-0.07,0.029,-0.583
197,Albian Hajdari,Hoffenheim,GER-Bundesliga,DF,22,2434,0.062,0.887,75.0,79.0,4.0,7500000.0,0.072,0.055,0.111,0.703,0.333,0.335,0.281,0.323,-0.073,0.188,0.341,-0.431,0.054,0.031
198,Kristoffer Lund,Köln,GER-Bundesliga,DF,23,2276,0.058,0.887,72.0,79.0,7.0,4500000.0,0.025,0.069,0.079,0.791,0.791,0.326,0.268,-0.737,0.173,-0.175,0.603,0.612,0.0,-0.068
199,Ignace Van Der Brempt,Como,ITA-Serie A,DF,23,931,0.056,0.928,72.0,78.0,6.0,3500000.0,0.016,0.079,0.097,0.29,0.483,0.423,0.396,-0.928,0.404,0.077,-0.844,-0.037,0.737,0.985
200,Álex Jiménez,Bournemouth,ENG-Premier League,DF,20,2317,0.054,1.0,,,,,0.047,0.066,0.039,0.816,0.583,0.284,0.189,-0.108,0.269,-0.578,0.985,0.307,-0.035,-0.459
201,Matias Fernandez-Pardo,Lille,FRA-Ligue 1,FW,20,2370,0.041,0.815,76.0,84.0,8.0,16500000.0,0.364,0.184,0.418,2.582,1.367,0.645,0.234,-0.349,0.371,-0.359,-0.226,0.313,0.023,0.513
202,Sebastiano Esposito,Cagliari,ITA-Serie A,FW,23,2675,0.038,0.928,75.0,82.0,7.0,11500000.0,0.168,0.188,0.37,1.918,2.389,0.386,0.16,-1.32,0.698,-0.342,-0.692,2.773,-0.876,0.028
203,Kobbie Mainoo,Manchester Utd,ENG-Premier League,MF,20,1662,0.038,1.0,79.0,85.0,6.0,25000000.0,0.028,0.064,0.162,0.704,1.191,0.561,0.529,-1.006,-0.776,-0.38,-0.808,0.141,0.771,2.323
204,Nathan Ngoy,Lille,FRA-Ligue 1,DF,22,2405,0.036,0.815,75.0,83.0,8.0,12000000.0,0.058,0.046,0.112,0.823,0.15,0.403,0.395,-0.091,-0.282,0.1,0.501,-0.875,0.279,0.618
205,Víctor Muñoz,Osasuna,ESP-La Liga,MF,22,2656,0.035,0.899,78.0,86.0,8.0,31500000.0,0.241,0.082,0.271,2.745,0.915,0.392,0.13,0.965,-0.669,0.119,1.737,-0.518,-0.357,-1.034
206,Ezequiél Fernández,Leverkusen,GER-Bundesliga,MF,23,984,0.034,0.887,76.0,84.0,8.0,16000000.0,0.049,0.073,0.091,1.006,0.732,0.727,0.673,-0.846,-0.775,-0.881,-0.536,-0.828,1.227,2.874
207,Cesare Casadei,Torino,ITA-Serie A,MF,22,1997,0.029,0.928,75.0,83.0,8.0,12500000.0,0.21,0.082,0.27,1.577,0.766,0.452,0.312,0.734,-0.642,0.164,0.288,-0.717,0.008,0.371
208,Castello Lukeba,RB Leipzig,GER-Bundesliga,DF,22,2176,0.024,0.887,81.0,87.0,6.0,37500000.0,0.037,0.01,0.041,0.331,0.248,0.559,0.552,-0.472,-0.834,-0.606,-0.762,-0.623,1.483,1.979
209,Williot Swedberg,Celta Vigo,ESP-La Liga,FW,21,1270,0.019,0.899,75.0,82.0,7.0,11500000.0,0.368,0.141,0.709,1.63,0.709,0.604,0.232,-0.117,0.046,1.267,-1.142,-0.751,0.118,0.713
210,Destiny Udogie,Tottenham,ENG-Premier League,DF,22,1338,0.016,1.0,79.0,83.0,4.0,24000000.0,0.015,0.075,0.067,0.269,0.807,0.348,0.288,-0.926,0.448,-0.212,-0.844,0.884,0.423,0.342
211,Tino Livramento,Newcastle,ENG-Premier League,DF,22,1328,0.013,1.0,80.0,86.0,6.0,31500000.0,0.01,0.042,0.068,0.203,0.678,0.422,0.38,-1.037,-0.2,-0.206,-1.064,0.551,0.952,1.093
212,Rasmus Højlund,Napoli,ITA-Serie A,FW,22,2750,0.013,0.928,78.0,83.0,5.0,22000000.0,0.411,0.107,0.524,1.964,1.08,0.639,0.151,0.231,-0.326,0.439,-0.631,0.064,0.385,-0.072
213,Carney Chukwuemeka,Dortmund,GER-Bundesliga,MF,21,919,0.008,0.887,78.0,84.0,6.0,22500000.0,0.24,0.062,0.196,1.763,1.077,0.518,0.269,0.922,-0.886,-0.311,0.432,-0.28,0.222,-0.045
214,Mateus Mane,Wolves,ENG-Premier League,MF,17,1795,0.005,1.0,71.0,84.0,13.0,4300000.0,0.099,0.165,0.201,2.056,1.504,0.264,0.125,-0.266,0.41,-0.146,1.143,0.7,-0.834,-0.971
215,Germán Valera,Elche,ESP-La Liga,MF,23,2857,0.004,0.899,76.0,80.0,4.0,11000000.0,0.091,0.233,0.284,0.882,1.418,0.451,0.244,-0.441,0.941,0.188,-0.68,0.29,-0.07,-0.199
216,Dženan Pejčinović,Wolfsburg,GER-Bundesliga,FW,20,1460,0.001,0.887,72.0,79.0,7.0,4700000.0,0.511,0.101,0.493,3.144,0.74,0.608,0.108,0.727,-0.452,0.173,0.754,-0.708,0.097,-0.583
217,Samson Baidoo,Lens,FRA-Ligue 1,DF,21,1827,0.0,0.815,76.0,83.0,7.0,14000000.0,0.118,0.022,0.148,0.788,0.148,0.301,0.276,1.136,-0.651,0.472,0.405,-0.879,-0.315,-0.167
218,Adam Karabec,Lyon,FRA-Ligue 1,MF,22,922,-0.008,0.815,73.0,79.0,6.0,4900000.0,0.153,0.205,0.098,0.879,2.05,0.54,0.311,-0.0,0.435,-0.89,-0.791,0.998,0.119,0.075
219,Lewis Miley,Newcastle,ENG-Premier League,MF,19,1496,-0.009,1.0,76.0,86.0,10.0,16000000.0,0.083,0.14,0.301,0.722,0.902,0.424,0.356,-0.434,0.115,0.47,-0.782,-0.375,0.032,0.912
220,Jan Virgili,Mallorca,ESP-La Liga,MF,19,1792,-0.011,0.899,75.0,86.0,11.0,12000000.0,0.13,0.189,0.301,1.607,1.557,0.355,0.134,-0.076,0.477,0.286,0.261,0.513,-0.535,-1.005
221,Jens Castrop,Gladbach,GER-Bundesliga,MF,22,1584,-0.013,0.887,74.0,81.0,7.0,8500000.0,0.244,0.08,0.227,1.705,1.023,0.491,0.232,0.966,-0.7,-0.14,0.358,-0.367,0.097,-0.309
222,Giovane,Hellas Verona,ITA-Serie A,FW,21,1871,-0.023,0.928,69.0,79.0,10.0,3200000.0,0.205,0.21,0.385,2.694,1.539,0.424,0.115,-1.079,0.976,-0.267,0.34,1.015,-0.689,-0.456
223,Wesley,Roma,ITA-Serie A,MF,21,2448,-0.026,0.928,79.0,85.0,6.0,28000000.0,0.091,0.197,0.184,0.919,1.213,0.52,0.284,-0.413,0.624,-0.33,-0.593,0.024,0.348,0.16
224,Arthur,Leverkusen,GER-Bundesliga,MF,22,1136,-0.047,0.887,,,,,0.094,0.095,0.317,0.792,1.188,0.513,0.413,-0.426,-0.541,0.349,-0.81,-0.104,0.201,0.999
225,Koni De Winter,Milan,ITA-Serie A,DF,23,1800,-0.048,0.928,75.0,84.0,9.0,11500000.0,0.04,0.032,0.1,0.35,0.25,0.402,0.395,-0.362,-0.423,0.116,-0.658,-0.593,0.603,0.978
226,Alex Scott,Bournemouth,ENG-Premier League,MF,21,2849,-0.051,1.0,80.0,86.0,6.0,31000000.0,0.111,0.091,0.126,1.39,0.821,0.482,0.347,-0.144,-0.457,-0.602,0.182,-0.52,0.344,0.84
227,Hugo Álvarez,Celta Vigo,ESP-La Liga,FW,22,1340,-0.057,0.899,75.0,81.0,6.0,9000000.0,0.153,0.165,0.403,0.94,1.679,0.571,0.339,-1.446,0.34,-0.239,-2.031,1.195,-0.041,1.822
228,Tim Lemperle,Hoffenheim,GER-Bundesliga,FW,23,1944,-0.064,0.887,76.0,80.0,4.0,11000000.0,0.401,0.119,0.417,2.454,1.204,0.619,0.135,0.054,-0.237,-0.199,-0.123,0.21,0.149,-0.302
229,Junior Mwanga,Strasbourg,FRA-Ligue 1,DF,22,1637,-0.07,0.815,72.0,76.0,4.0,3100000.0,0.063,0.059,0.11,0.55,0.99,0.285,0.193,0.003,-0.079,0.075,-0.245,0.882,-0.407,-0.72
230,Jon Martin,Real Sociedad,ESP-La Liga,DF,19,2250,-0.073,0.899,77.0,86.0,9.0,21000000.0,0.097,0.008,0.08,0.6,0.08,0.341,0.331,0.908,-0.873,-0.152,0.06,-1.004,0.126,0.423
231,Pablo Barrios,Atlético Madrid,ESP-La Liga,MF,22,1661,-0.074,0.899,83.0,87.0,4.0,52500000.0,0.08,0.092,0.108,1.246,1.084,0.582,0.444,-0.551,-0.558,-0.78,-0.207,-0.247,0.569,1.26
232,Ayden Heaven,Manchester Utd,ENG-Premier League,DF,18,924,-0.084,1.0,74.0,85.0,11.0,8500000.0,0.021,0.036,0.097,0.292,0.195,0.406,0.361,-0.768,-0.318,0.176,-0.767,-0.688,0.835,0.939
233,Pathé Mboup,Brest,FRA-Ligue 1,MF,21,1054,-0.092,0.815,70.0,79.0,9.0,3600000.0,0.303,0.124,0.085,1.964,0.769,0.618,0.192,1.282,-0.339,-0.951,0.486,-0.868,0.461,-0.712
234,Moisés Caicedo,Chelsea,ENG-Premier League,MF,23,2795,-0.094,1.0,88.0,90.0,2.0,107000000.0,0.049,0.085,0.129,0.869,0.58,0.554,0.495,-0.784,-0.537,-0.587,-0.569,-0.952,0.736,2.039
235,Yasin Ayari,Brighton,ENG-Premier League,MF,21,1929,-0.095,1.0,79.0,85.0,6.0,26000000.0,0.099,0.065,0.28,1.913,0.7,0.369,0.256,-0.267,-0.765,0.342,0.936,-0.737,-0.267,0.095
236,Nnamdi Collins,Frankfurt,GER-Bundesliga,DF,21,1500,-0.105,0.887,74.0,83.0,9.0,9000000.0,0.041,0.027,0.18,0.18,0.18,0.413,0.366,-0.374,-0.536,0.977,-1.21,-0.779,0.55,0.637
237,Honest Ahanor,Atalanta,ITA-Serie A,DF,17,1377,-0.109,0.928,72.0,81.0,9.0,4500000.0,0.156,0.008,0.0,0.85,0.131,0.215,0.19,2.361,-0.859,-1.078,0.894,-0.877,-0.643,-0.56
238,Lorenzo Bernasconi,Atalanta,ITA-Serie A,MF,21,1572,-0.114,0.928,70.0,78.0,8.0,3600000.0,0.024,0.18,0.172,0.515,1.546,0.445,0.371,-1.067,0.441,-0.399,-1.134,0.576,-0.03,0.814
239,Cristhian Mosquera,Arsenal,ENG-Premier League,DF,21,994,-0.128,1.0,77.0,85.0,8.0,22000000.0,0.008,0.027,0.0,0.091,0.453,0.488,0.469,-1.102,-0.492,-1.078,-1.441,-0.026,1.424,1.816
240,Miguel Román,Celta Vigo,ESP-La Liga,MF,22,1311,-0.137,0.899,74.0,80.0,6.0,6500000.0,0.076,0.143,0.069,0.618,1.167,0.584,0.434,-0.587,-0.011,-1.0,-1.023,-0.113,0.58,1.193
241,Eren Dinkçi,Heidenheim,GER-Bundesliga,MF,23,1379,-0.138,0.887,73.0,79.0,6.0,4800000.0,0.269,0.073,0.261,1.893,0.653,0.431,0.152,1.191,-0.773,0.045,0.599,-0.953,-0.191,-0.885
242,Máximo Perrone,Como,ITA-Serie A,MF,22,2742,-0.139,0.928,76.0,84.0,8.0,16000000.0,0.082,0.083,0.23,0.591,1.05,0.541,0.402,-0.508,-0.624,-0.068,-1.033,-0.246,0.456,1.049
243,Willian Pacho,PSG,FRA-Ligue 1,DF,23,1914,-0.139,0.815,88.0,90.0,2.0,105500000.0,0.019,0.004,0.0,0.376,0.094,0.622,0.618,-0.899,-0.939,-1.078,-0.718,-0.992,1.559,2.092
244,Bryan Okoh,Auxerre,FRA-Ligue 1,DF,22,1005,-0.141,0.815,71.0,79.0,8.0,3900000.0,0.087,0.023,0.269,0.716,0.269,0.164,0.145,0.49,-0.643,1.74,0.209,-0.626,-1.116,-1.039
245,Tarik Muharemovic,Sassuolo,ITA-Serie A,DF,22,2835,-0.143,0.928,74.0,80.0,6.0,6000000.0,0.09,0.029,0.127,0.635,0.19,0.199,0.195,0.816,-0.477,0.439,0.227,-0.735,-0.748,-0.522
246,Leopold Querfeld,Union Berlin,GER-Bundesliga,DF,21,2705,-0.147,0.887,77.0,84.0,7.0,20000000.0,0.054,0.077,0.033,0.965,0.699,0.165,0.132,-0.087,0.303,-0.698,1.119,0.403,-1.028,-1.042
247,Emirhan İlkhan,Torino,ITA-Serie A,MF,21,1001,-0.148,0.928,67.0,74.0,7.0,2100000.0,0.212,0.11,0.27,1.169,1.079,0.32,0.195,0.76,-0.33,0.16,-0.259,-0.199,-0.654,-0.512
248,Nicolò Bertola,Udinese,ITA-Serie A,DF,22,1763,-0.163,0.928,72.0,78.0,6.0,3400000.0,0.051,0.079,0.051,0.664,0.562,0.229,0.146,-0.104,0.408,-0.468,0.316,0.149,-0.55,-0.896
249,Ísak Jóhannesson,Köln,GER-Bundesliga,MF,22,1809,-0.172,0.887,74.0,81.0,7.0,8500000.0,0.071,0.12,0.149,0.697,1.642,0.478,0.353,-0.638,-0.279,-0.565,-0.933,0.615,0.03,0.566
250,Mamadou Coulibaly,Monaco,FRA-Ligue 1,MF,21,1381,-0.18,0.815,71.0,82.0,11.0,4200000.0,0.13,0.115,0.391,0.847,0.782,0.519,0.365,-0.196,-0.43,0.58,-0.828,-0.849,0.029,0.436
251,Francisco Perez,Rayo Vallecano,ESP-La Liga,MF,22,1237,-0.181,0.899,65.0,82.0,17.0,1700000.0,0.183,0.122,0.218,1.237,0.946,0.464,0.193,0.416,-0.242,-0.173,-0.219,-0.468,-0.006,-0.572
252,Nick Woltemade,Newcastle,ENG-Premier League,FW,23,1902,-0.187,1.0,80.0,85.0,5.0,32000000.0,0.355,0.137,0.473,1.514,1.041,0.416,0.109,0.05,0.194,0.369,-1.072,0.15,-0.567,-0.431
253,Mateo Joseph,Mallorca,ESP-La Liga,MF,21,1699,-0.189,0.899,72.0,82.0,10.0,5500000.0,0.286,0.084,0.265,1.748,0.689,0.382,0.091,1.386,-0.642,0.085,0.444,-0.881,-0.401,-1.316
254,Ángel Pérez,Alavés,ESP-La Liga,MF,22,1288,-0.191,0.899,70.0,79.0,9.0,3600000.0,0.084,0.145,0.28,0.978,1.677,0.364,0.181,-0.506,-0.0,0.166,-0.555,0.706,-0.491,-0.66
255,Lamine Sy,Auxerre,FRA-Ligue 1,DF,22,1536,-0.193,0.815,68.0,77.0,9.0,2600000.0,0.062,0.086,0.0,0.762,0.762,0.274,0.169,-0.01,0.345,-1.078,0.333,0.405,-0.475,-0.875
256,Luis Henrique,Inter,ITA-Serie A,MF,23,1624,-0.204,0.928,78.0,83.0,5.0,21000000.0,0.064,0.121,0.166,0.831,1.219,0.479,0.319,-0.68,-0.205,-0.431,-0.711,0.034,0.142,0.423
257,Valentín Gómez,Real Betis,ESP-La Liga,DF,22,1882,-0.208,0.899,76.0,84.0,8.0,15500000.0,0.046,0.101,0.048,0.526,0.478,0.239,0.186,-0.26,0.742,-0.525,-0.162,-0.085,-0.532,-0.636
258,Rocco Reitz,Gladbach,GER-Bundesliga,MF,23,2627,-0.213,0.887,77.0,83.0,6.0,16500000.0,0.091,0.137,0.137,1.61,0.959,0.452,0.278,-0.457,-0.102,-0.632,0.237,-0.467,-0.093,0.02
259,Ryan Gravenberch,Liverpool,ENG-Premier League,MF,23,2992,-0.217,1.0,86.0,89.0,3.0,84000000.0,0.046,0.071,0.241,1.143,0.872,0.392,0.322,-0.818,-0.695,0.1,-0.175,-0.429,-0.139,0.639
260,Hugo Rincón,Girona,ESP-La Liga,DF,22,1750,-0.217,0.899,74.0,82.0,8.0,9000000.0,0.036,0.068,0.103,0.36,0.514,0.284,0.216,-0.489,0.181,0.112,-0.661,-0.001,-0.241,-0.416
261,Hugo Sotelo,Celta Vigo,ESP-La Liga,MF,21,1338,-0.217,0.899,74.0,81.0,7.0,8500000.0,0.006,0.149,0.135,0.135,1.682,0.477,0.434,-1.242,0.046,-0.636,-1.65,0.714,0.059,1.187
262,Giovanni Fabbian,Bologna,ITA-Serie A,MF,22,1173,-0.218,0.928,73.0,82.0,9.0,7000000.0,0.205,0.127,0.153,1.688,0.691,0.387,0.152,0.684,-0.145,-0.504,0.436,-0.843,-0.318,-0.835
263,Liam Delap,Chelsea,ENG-Premier League,FW,22,1107,-0.22,1.0,77.0,83.0,6.0,17000000.0,0.409,0.014,0.081,2.927,0.244,0.611,0.276,0.422,-1.494,-1.779,0.953,-1.628,0.484,1.5
264,Jaydee Canvot,Crystal Palace,ENG-Premier League,DF,19,1336,-0.223,1.0,74.0,85.0,11.0,8500000.0,0.105,0.006,0.0,0.472,0.202,0.259,0.257,1.373,-0.896,-1.078,-0.167,-0.67,-0.217,0.094
265,Samuel Amo-Ameyaw,Strasbourg,FRA-Ligue 1,MF,19,1047,-0.226,0.815,70.0,80.0,10.0,3400000.0,0.102,0.106,0.344,1.461,1.117,0.424,0.281,-0.432,-0.519,0.344,-0.105,-0.36,-0.39,-0.12
266,Tyrhys Dolan,Espanyol,ESP-La Liga,MF,23,2415,-0.226,0.899,74.0,79.0,5.0,6500000.0,0.103,0.165,0.261,1.267,1.193,0.367,0.161,-0.332,0.215,0.063,-0.18,-0.072,-0.475,-0.805
267,Devyne Rensch,Roma,ITA-Serie A,MF,22,1184,-0.231,0.928,74.0,79.0,5.0,6000000.0,0.043,0.206,0.38,0.456,0.76,0.37,0.274,-0.879,0.731,0.789,-1.213,-0.727,-0.404,0.085
268,Daouda Guindo,Brest,FRA-Ligue 1,DF,22,1686,-0.237,0.815,70.0,75.0,5.0,2300000.0,0.055,0.043,0.107,1.121,0.48,0.173,0.107,-0.153,-0.324,0.042,1.312,-0.183,-1.065,-1.287
269,Diego López,Valencia,ESP-La Liga,MF,23,1762,-0.237,0.899,77.0,82.0,5.0,16000000.0,0.178,0.104,0.255,1.43,0.817,0.426,0.163,0.369,-0.434,0.032,0.031,-0.675,-0.191,-0.792
270,Javi Rodríguez,Celta Vigo,ESP-La Liga,DF,22,2558,-0.24,0.899,,,,,0.034,0.038,0.035,0.457,0.352,0.35,0.331,-0.517,-0.352,-0.671,-0.369,-0.376,0.184,0.424
271,Noahkai Banks,Augsburg,GER-Bundesliga,DF,18,1725,-0.248,0.887,71.0,83.0,12.0,4100000.0,0.064,0.048,0.104,0.47,0.365,0.247,0.193,0.144,-0.179,0.113,-0.351,-0.357,-0.506,-0.602
272,Josh Doig,Sassuolo,ITA-Serie A,DF,23,1917,-0.249,0.928,73.0,78.0,5.0,4300000.0,0.035,0.071,0.0,0.516,0.704,0.265,0.2,-0.471,0.257,-1.078,-0.141,0.489,-0.313,-0.489
273,Bryan Zaragoza,Celta Vigo,ESP-La Liga,FW,23,1131,-0.25,0.899,,,,,0.093,0.18,0.08,2.069,1.432,0.494,0.323,-1.815,0.531,-1.832,-0.577,0.701,-0.417,1.659
274,Mika Biereth,Monaco,FRA-Ligue 1,FW,22,1074,-0.253,0.815,77.0,84.0,7.0,21500000.0,0.269,0.193,0.335,1.592,1.508,0.629,0.204,-0.883,0.472,-0.727,-1.383,0.57,-0.048,0.23
275,Joaquín Panichelli,Strasbourg,FRA-Ligue 1,FW,22,2193,-0.263,0.815,77.0,85.0,8.0,24000000.0,0.417,0.121,0.492,2.38,0.862,0.601,0.159,-0.054,-0.332,-0.025,-0.462,-0.605,-0.169,-0.193
276,Nobel Mendy,Rayo Vallecano,ESP-La Liga,DF,20,1797,-0.263,0.899,75.0,85.0,10.0,11500000.0,0.109,0.018,0.1,0.551,0.15,0.198,0.178,1.193,-0.691,0.081,-0.087,-0.842,-0.797,-0.698
277,Jérémy Jacquet,Rennes,FRA-Ligue 1,DF,20,1671,-0.267,0.815,76.0,85.0,9.0,15000000.0,0.042,0.031,0.0,0.592,0.431,0.378,0.368,-0.422,-0.521,-1.078,-0.129,-0.287,0.132,0.437
278,Pape Demba Diop,Toulouse,FRA-Ligue 1,MF,21,1181,-0.268,0.815,70.0,79.0,9.0,3600000.0,0.117,0.107,0.229,2.21,1.448,0.291,0.185,-0.305,-0.502,-0.234,0.775,0.121,-0.977,-0.758
279,Javi López,Oviedo,ESP-La Liga,DF,23,1711,-0.27,0.899,,,,,0.037,0.063,0.053,0.368,0.947,0.209,0.18,-0.457,0.081,-0.469,-0.637,0.997,-0.728,-0.678
280,Emersonn,Toulouse,FRA-Ligue 1,FW,21,1499,-0.274,0.815,72.0,81.0,9.0,5000000.0,0.445,0.113,0.48,3.062,1.141,0.472,0.071,0.105,-0.426,-0.079,0.334,-0.098,-0.735,-1.017
281,Jan Thielmann,Köln,GER-Bundesliga,MF,23,1540,-0.276,0.887,72.0,77.0,5.0,3500000.0,0.12,0.058,0.234,1.578,0.818,0.417,0.281,-0.188,-0.926,-0.104,0.196,-0.691,-0.262,0.043
282,Joaquín Martínez Gauna,Sevilla,ESP-La Liga,MF,22,1408,-0.28,0.899,72.0,80.0,8.0,5000000.0,0.095,0.135,0.32,1.087,1.278,0.316,0.166,-0.404,-0.099,0.387,-0.414,0.066,-0.722,-0.771
283,Davide Bartesaghi,Milan,ITA-Serie A,MF,19,2441,-0.28,0.928,71.0,81.0,10.0,3900000.0,0.051,0.144,0.074,0.811,1.622,0.362,0.294,-0.808,0.047,-0.959,-0.738,0.702,-0.445,0.237
284,Samuel Mbangula,Werder Bremen,GER-Bundesliga,MF,21,1171,-0.287,0.887,74.0,85.0,11.0,9500000.0,0.141,0.08,0.384,1.307,1.076,0.331,0.147,0.009,-0.702,0.717,-0.152,-0.282,-0.673,-0.926
285,Fer López,Celta Vigo,ESP-La Liga,MF,21,1170,-0.287,0.899,,,,,0.141,0.104,0.154,1.0,0.846,0.462,0.285,0.026,-0.433,-0.529,-0.527,-0.628,-0.016,0.099
286,Nhoa Sangui,Paris FC,FRA-Ligue 1,DF,19,1737,-0.288,0.815,70.0,82.0,12.0,3600000.0,0.028,0.064,0.0,0.207,0.881,0.383,0.324,-0.728,0.007,-1.078,-1.179,0.655,0.163,0.146
287,Arnaud Kalimuendo,Frankfurt,GER-Bundesliga,FW,23,1417,-0.303,0.887,78.0,82.0,4.0,20500000.0,0.31,0.101,0.445,1.905,1.397,0.478,0.13,-0.499,-0.452,-0.063,-0.82,0.593,-0.525,-0.353
288,Luka Sučić,Real Sociedad,ESP-La Liga,MF,22,1022,-0.307,0.899,76.0,81.0,5.0,11500000.0,0.155,0.032,0.352,2.025,0.793,0.305,0.136,0.157,-1.2,0.568,0.804,-0.714,-0.775,-0.987
289,Mohamed Ali Cho,Nice,FRA-Ligue 1,FW,21,1667,-0.311,0.815,75.0,82.0,7.0,11500000.0,0.231,0.19,0.378,1.728,1.242,0.523,0.251,-1.095,0.434,-0.536,-1.224,0.086,-0.513,0.669
290,Andrey Santos,Chelsea,ENG-Premier League,MF,21,1260,-0.313,1.0,80.0,87.0,7.0,42500000.0,0.183,0.049,0.071,0.786,0.571,0.452,0.314,0.608,-0.957,-0.94,-0.69,-0.966,0.182,0.57
291,Pietro Comuzzo,Fiorentina,ITA-Serie A,DF,20,1696,-0.316,0.928,75.0,86.0,11.0,11500000.0,0.043,0.002,0.053,0.531,0.159,0.318,0.31,-0.282,-0.961,-0.444,-0.097,-0.809,0.039,0.343
292,Andrew Omobamidele,Strasbourg,FRA-Ligue 1,DF,23,1357,-0.316,0.815,73.0,78.0,5.0,4200000.0,0.062,0.0,0.066,0.265,0.0,0.439,0.439,-0.02,-1.003,-0.382,-1.021,-1.188,0.491,0.91
293,Loum Tchaouna,Burnley,ENG-Premier League,MF,21,1272,-0.327,1.0,72.0,78.0,6.0,3800000.0,0.089,0.085,0.212,1.627,0.92,0.298,0.14,-0.368,-0.534,-0.074,0.524,-0.344,-0.648,-0.848
294,Rodrigo Gomes,Wolves,ENG-Premier League,MF,22,960,-0.33,1.0,73.0,82.0,9.0,7000000.0,0.214,0.014,0.281,1.969,0.281,0.317,0.095,0.939,-1.371,0.35,1.017,-1.485,-0.548,-1.215
295,Vitor Reis,Girona,ESP-La Liga,DF,19,3138,-0.337,0.899,76.0,86.0,10.0,15000000.0,0.057,0.025,0.057,0.545,0.229,0.273,0.235,-0.011,-0.574,-0.414,-0.105,-0.659,-0.316,-0.278
296,Matias Moreno,Levante,ESP-La Liga,DF,21,2252,-0.338,0.899,73.0,79.0,6.0,4400000.0,0.051,0.027,0.0,0.4,0.32,0.337,0.313,-0.146,-0.533,-1.078,-0.542,-0.451,0.096,0.287
297,Ilyas Ansah,Union Berlin,GER-Bundesliga,MF,20,1892,-0.35,0.887,73.0,83.0,10.0,6500000.0,0.182,0.072,0.285,1.57,0.809,0.313,0.142,0.388,-0.778,0.177,0.185,-0.706,-0.759,-0.96
298,Aurèle Amenda,Frankfurt,GER-Bundesliga,DF,22,1678,-0.35,0.887,74.0,80.0,6.0,6000000.0,0.054,0.018,0.0,0.536,0.322,0.307,0.296,-0.082,-0.695,-1.078,-0.153,-0.456,-0.125,0.136
299,Iker Losada,Levante,ESP-La Liga,MF,23,902,-0.354,0.899,72.0,77.0,5.0,3500000.0,0.214,0.053,0.399,1.397,1.098,0.236,0.04,0.707,-0.976,0.827,-0.012,-0.224,-1.112,-1.689
300,Illia Zabarnyi,PSG,FRA-Ligue 1,DF,22,2387,-0.356,0.815,80.0,85.0,5.0,29500000.0,0.022,0.006,0.038,0.151,0.151,0.5,0.499,-0.854,-0.906,-0.682,-1.333,-0.873,0.849,1.309
301,Tanner Tessmann,Lyon,FRA-Ligue 1,MF,23,1953,-0.358,0.815,76.0,82.0,6.0,11000000.0,0.118,0.065,0.046,1.198,0.599,0.57,0.469,-0.291,-0.915,-1.148,-0.415,-1.115,0.251,1.128
302,Bradley Locko,Brest,FRA-Ligue 1,DF,23,1286,-0.358,0.815,75.0,80.0,5.0,8000000.0,0.005,0.093,0.14,0.14,0.56,0.276,0.253,-1.196,0.46,0.39,-1.362,-0.017,-0.462,-0.321
303,Rafa Marín,Villarreal,ESP-La Liga,DF,23,1979,-0.361,0.899,,,,,0.011,0.045,0.045,0.227,0.318,0.378,0.336,-1.058,-0.227,-0.552,-1.06,-0.454,0.365,0.461
304,Murillo,Nottingham,ENG-Premier League,DF,23,2130,-0.362,1.0,82.0,86.0,4.0,40000000.0,0.025,0.013,0.042,0.465,0.338,0.269,0.256,-0.661,-0.76,-0.534,-0.189,-0.321,-0.148,0.08
305,Mohamed Kaba,Nantes,FRA-Ligue 1,MF,23,918,-0.364,0.815,68.0,75.0,7.0,2300000.0,0.132,0.191,0.196,1.078,1.176,0.4,0.154,-0.174,0.309,-0.397,-0.556,-0.274,-0.496,-0.96
306,Antoine Mendy,Nice,FRA-Ligue 1,DF,21,2097,-0.367,0.815,72.0,81.0,9.0,4900000.0,0.094,0.002,0.043,0.73,0.043,0.279,0.254,0.645,-0.978,-0.628,0.245,-1.099,-0.444,-0.314
307,Aimar Oroz,Osasuna,ESP-La Liga,MF,23,2139,-0.369,0.899,77.0,82.0,5.0,16000000.0,0.069,0.157,0.084,1.22,1.557,0.301,0.185,-0.649,0.137,-0.914,-0.241,0.513,-0.798,-0.628
308,Daniel Maldini,Lazio,ITA-Serie A,FW,23,951,-0.371,0.928,74.0,81.0,7.0,8500000.0,0.266,0.112,0.284,2.177,1.041,0.445,0.165,-0.691,-0.257,-0.781,-0.347,-0.017,-0.582,0.081
309,Unai Gómez,Athletic Club,ESP-La Liga,MF,22,936,-0.374,0.899,72.0,78.0,6.0,3800000.0,0.199,0.059,0.192,2.212,0.769,0.293,0.076,0.571,-0.91,-0.316,1.045,-0.752,-0.833,-1.426
310,Matthis Abline,Nantes,FRA-Ligue 1,FW,22,2494,-0.376,0.815,76.0,82.0,6.0,12000000.0,0.276,0.147,0.361,3.067,1.083,0.441,0.137,-0.844,-0.04,-0.613,0.341,-0.204,-0.871,-0.398
311,Jon Aramburu,Real Sociedad,ESP-La Liga,DF,23,2773,-0.378,0.899,77.0,83.0,6.0,16000000.0,0.067,0.014,0.032,0.682,0.357,0.207,0.189,0.222,-0.754,-0.702,0.306,-0.364,-0.74,-0.613
312,Ismaël Koné,Sassuolo,ITA-Serie A,MF,23,2737,-0.381,0.928,75.0,79.0,4.0,8000000.0,0.167,0.058,0.197,0.756,0.756,0.4,0.258,0.322,-0.903,-0.254,-0.811,-0.733,-0.252,-0.037
313,Luca Lipani,Sassuolo,ITA-Serie A,MF,20,1034,-0.381,0.928,69.0,77.0,8.0,3000000.0,0.08,0.097,0.087,1.044,0.957,0.42,0.289,-0.524,-0.477,-0.883,-0.425,-0.4,-0.153,0.194
314,Daniel Svensson,Dortmund,GER-Bundesliga,MF,23,2454,-0.381,0.887,79.0,83.0,4.0,23500000.0,0.107,0.158,0.147,0.44,1.284,0.391,0.233,-0.303,0.117,-0.579,-1.261,0.047,-0.386,-0.305
315,Mateus Fernandes,West Ham,ENG-Premier League,MF,21,3016,-0.386,1.0,79.0,85.0,6.0,27000000.0,0.054,0.1,0.209,0.836,1.104,0.308,0.209,-0.731,-0.36,-0.095,-0.618,-0.015,-0.595,-0.287
316,Djaoui Cissé,Rennes,FRA-Ligue 1,MF,21,981,-0.388,0.815,73.0,83.0,10.0,7000000.0,0.07,0.077,0.0,2.202,1.193,0.407,0.316,-0.7,-0.796,-1.379,0.766,-0.251,-0.465,0.111
317,Ismaël Doukouré,Strasbourg,FRA-Ligue 1,DF,22,2072,-0.395,0.815,77.0,83.0,6.0,15500000.0,0.023,0.032,0.087,0.304,0.261,0.354,0.347,-0.832,-0.503,-0.167,-0.915,-0.643,-0.003,0.3
318,Peque,Sevilla,ESP-La Liga,MF,22,982,-0.397,0.899,,,,,0.07,0.056,0.275,1.375,1.375,0.283,0.184,-0.64,-0.943,0.141,-0.041,0.221,-0.885,-0.635
319,Kenneth Taylor,Lazio,ITA-Serie A,MF,23,1394,-0.403,0.928,78.0,83.0,5.0,21000000.0,0.135,0.07,0.323,1.033,0.839,0.294,0.171,0.009,-0.77,0.463,-0.441,-0.596,-0.787,-0.696
320,Leny Yoro,Manchester Utd,ENG-Premier League,DF,19,1740,-0.403,1.0,78.0,86.0,8.0,28500000.0,0.065,0.011,0.0,0.466,0.207,0.242,0.233,0.336,-0.784,-1.078,-0.187,-0.657,-0.342,-0.106
321,Khalis Merah,Lyon,FRA-Ligue 1,MF,18,1130,-0.406,0.815,70.0,80.0,10.0,3400000.0,0.108,0.12,0.08,0.478,0.956,0.536,0.398,-0.382,-0.38,-0.98,-1.262,-0.596,0.1,0.656
322,Lucas Bergvall,Tottenham,ENG-Premier League,MF,19,965,-0.411,1.0,78.0,87.0,9.0,30000000.0,0.134,0.027,0.373,1.119,0.466,0.305,0.158,0.099,-1.217,0.915,-0.209,-1.154,-0.609,-0.7
323,Kike Salas,Sevilla,ESP-La Liga,DF,23,2203,-0.413,0.899,,,,,0.045,0.016,0.082,0.776,0.286,0.178,0.151,-0.279,-0.721,-0.133,0.59,-0.528,-0.928,-0.893
324,Gvidas Gineitis,Torino,ITA-Serie A,MF,21,1756,-0.415,0.928,70.0,79.0,9.0,3600000.0,0.048,0.137,0.051,1.384,1.333,0.288,0.211,-0.834,-0.032,-1.087,0.029,0.222,-0.814,-0.391
325,Bashir Humphreys,Burnley,ENG-Premier League,DF,22,1578,-0.416,1.0,74.0,82.0,8.0,9000000.0,0.03,0.049,0.0,0.513,0.513,0.19,0.167,-0.538,-0.055,-1.078,-0.027,0.129,-0.709,-0.636
326,Dehmaine Assoumani,Nantes,FRA-Ligue 1,MF,20,1276,-0.418,0.815,,,,,0.127,0.144,0.071,2.045,1.411,0.281,0.125,-0.219,-0.15,-1.026,0.582,0.067,-1.02,-1.156
327,Renato Veiga,Villarreal,ESP-La Liga,DF,22,2481,-0.418,0.899,78.0,83.0,5.0,19500000.0,0.007,0.004,0.0,0.326,0.109,0.438,0.433,-1.135,-0.93,-1.078,-0.762,-0.937,0.751,1.164
328,Beñat Turrientes,Real Sociedad,ESP-La Liga,MF,23,1348,-0.422,0.899,76.0,82.0,6.0,12000000.0,0.059,0.079,0.2,1.335,0.801,0.373,0.271,-0.746,-0.696,-0.272,-0.092,-0.701,-0.449,0.001
329,Luca Netz,Gladbach,GER-Bundesliga,MF,22,940,-0.422,0.887,,,,,0.004,0.233,0.191,0.191,0.957,0.364,0.316,-1.265,0.908,-0.335,-1.579,-0.47,-0.514,0.299
330,Thierno Barry,Everton,ENG-Premier League,FW,22,1914,-0.423,1.0,76.0,84.0,8.0,17000000.0,0.43,0.047,0.376,1.787,0.564,0.482,0.101,0.568,-1.037,-0.163,-0.681,-0.913,-0.212,-0.52
331,Santiago Castro,Bologna,ITA-Serie A,FW,20,2359,-0.428,0.928,77.0,84.0,7.0,21000000.0,0.317,0.104,0.343,2.404,1.068,0.415,0.06,-0.37,-0.36,-0.478,-0.046,0.039,-0.735,-1.045
332,Louis Mouton,Angers,FRA-Ligue 1,MF,23,1891,-0.429,0.815,72.0,79.0,7.0,4700000.0,0.147,0.111,0.143,1.713,1.047,0.379,0.154,-0.051,-0.465,-0.664,0.191,-0.463,-0.587,-0.966
333,Dermane Karim,Lorient,FRA-Ligue 1,MF,21,1365,-0.433,0.815,70.0,80.0,10.0,3600000.0,0.09,0.163,0.198,1.055,1.055,0.408,0.202,-0.536,0.037,-0.388,-0.583,-0.451,-0.464,-0.646
334,Diego Coppola,Paris FC,FRA-Ligue 1,DF,21,1170,-0.433,0.815,74.0,80.0,6.0,6000000.0,0.03,0.052,0.154,0.385,0.231,0.236,0.211,-0.684,-0.19,0.536,-0.695,-0.706,-0.696,-0.596
335,Rahim Bonkano,Oviedo,ESP-La Liga,DF,23,1713,-0.45,0.899,,,,,0.003,0.083,0.0,0.158,0.893,0.258,0.21,-1.227,0.426,-1.078,-1.27,0.873,-0.413,-0.463
336,Yassine Kechta,Le Havre,FRA-Ligue 1,MF,23,1332,-0.451,0.815,73.0,80.0,7.0,6000000.0,0.104,0.124,0.203,1.419,1.014,0.385,0.177,-0.413,-0.339,-0.364,-0.155,-0.512,-0.564,-0.812
337,Tyler Morton,Lyon,FRA-Ligue 1,MF,22,2517,-0.452,0.815,79.0,84.0,5.0,24500000.0,0.074,0.087,0.143,1.001,1.001,0.435,0.358,-0.673,-0.701,-0.663,-0.647,-0.53,-0.343,0.389
338,Rodrigo Mendoza,Atlético Madrid,ESP-La Liga,MF,20,1228,-0.455,0.899,71.0,84.0,13.0,4500000.0,0.082,0.096,0.147,1.246,1.099,0.341,0.198,-0.529,-0.517,-0.569,-0.208,-0.222,-0.603,-0.537
339,Eduardo Camavinga,Real Madrid,ESP-La Liga,MF,22,1528,-0.456,0.899,81.0,85.0,4.0,37500000.0,0.067,0.107,0.059,0.766,0.884,0.425,0.342,-0.667,-0.395,-1.054,-0.831,-0.568,-0.192,0.514
340,Nathaniel Brown,Frankfurt,GER-Bundesliga,MF,22,2656,-0.471,0.887,80.0,86.0,6.0,31500000.0,0.07,0.108,0.271,0.61,1.152,0.341,0.205,-0.65,-0.407,0.099,-1.043,-0.162,-0.626,-0.507
341,Enzo Boyomo,Osasuna,ESP-La Liga,DF,23,2542,-0.472,0.899,79.0,85.0,6.0,25000000.0,0.041,0.05,0.106,0.389,0.319,0.182,0.132,-0.363,-0.132,0.151,-0.573,-0.453,-0.901,-1.033
342,Habib Diarra,Sunderland,ENG-Premier League,MF,21,1405,-0.475,1.0,77.0,83.0,6.0,17000000.0,0.16,0.041,0.192,1.665,0.448,0.264,0.12,0.369,-1.05,-0.198,0.579,-1.186,-0.834,-1.004
343,Rafik Belghali,Hellas Verona,ITA-Serie A,MF,23,1920,-0.477,0.928,70.0,74.0,4.0,2100000.0,0.122,0.104,0.094,0.984,1.312,0.314,0.133,-0.117,-0.4,-0.844,-0.506,0.189,-0.684,-0.978
344,Arthur Avom,Lorient,FRA-Ligue 1,MF,20,2119,-0.479,0.815,74.0,82.0,8.0,9000000.0,0.045,0.135,0.127,0.892,1.317,0.396,0.285,-0.918,-0.237,-0.741,-0.775,-0.07,-0.517,-0.094
345,William Mikelbrencis,Hamburger SV,GER-Bundesliga,MF,21,1372,-0.482,0.887,69.0,80.0,11.0,3000000.0,0.096,0.185,0.262,0.787,1.05,0.326,0.055,-0.406,0.402,0.052,-0.816,-0.324,-0.698,-1.586
346,Abdoul Ouattara,Strasbourg,FRA-Ligue 1,MF,19,1768,-0.499,0.815,71.0,80.0,9.0,4000000.0,0.143,0.091,0.102,1.374,0.305,0.451,0.32,-0.078,-0.662,-0.869,-0.208,-1.543,-0.272,0.137
347,Oliver Nielsen,Lazio,ITA-Serie A,DF,22,1536,-0.5,0.928,,,,,0.039,0.039,0.0,0.352,0.234,0.273,0.239,-0.381,-0.31,-1.078,-0.653,-0.63,-0.258,-0.192
348,Rassoul Ndiaye,Le Havre,FRA-Ligue 1,MF,23,2566,-0.504,0.815,71.0,76.0,5.0,2800000.0,0.108,0.098,0.281,1.193,1.017,0.328,0.173,-0.379,-0.597,0.027,-0.422,-0.506,-0.813,-0.835
349,Matteo Cancellieri,Lazio,ITA-Serie A,FW,23,1725,-0.506,0.928,74.0,79.0,5.0,6500000.0,0.272,0.1,0.313,2.139,0.939,0.451,0.095,-0.653,-0.409,-0.632,-0.397,-0.228,-0.552,-0.669
350,Bamo Meïté,Lorient,FRA-Ligue 1,DF,23,1979,-0.507,0.815,75.0,79.0,4.0,7000000.0,0.04,0.056,0.136,0.364,0.318,0.174,0.155,-0.478,-0.119,0.353,-0.752,-0.522,-1.056,-0.972
351,Thomas Kristensen,Udinese,ITA-Serie A,DF,23,2472,-0.515,0.928,73.0,81.0,8.0,6500000.0,0.068,0.008,0.109,0.4,0.109,0.164,0.149,0.309,-0.857,0.226,-0.501,-0.928,-0.981,-0.872
352,Castrin,Sevilla,ESP-La Liga,DF,22,1277,-0.52,0.899,,,,,0.039,0.007,0.07,0.775,0.141,0.168,0.16,-0.4,-0.879,-0.263,0.587,-0.863,-0.994,-0.83
353,Lorenzo Colombo,Genoa,ITA-Serie A,FW,23,2326,-0.526,0.928,72.0,79.0,7.0,4700000.0,0.305,0.072,0.271,2.554,0.735,0.403,0.126,-0.446,-0.763,-0.847,0.154,-0.65,-0.792,-0.34
354,Amadou Onana,Aston Villa,ENG-Premier League,MF,23,1758,-0.53,1.0,81.0,84.0,3.0,32000000.0,0.142,0.026,0.102,0.973,0.358,0.349,0.272,0.184,-1.233,-0.75,-0.42,-1.347,-0.373,0.229
355,Brian Brobbey,Sunderland,ENG-Premier League,FW,23,1927,-0.534,1.0,77.0,83.0,6.0,17000000.0,0.332,0.07,0.374,1.681,0.701,0.434,0.075,-0.106,-0.719,-0.177,-0.833,-0.609,-0.471,-0.825
356,Mariano Troilo,Parma,ITA-Serie A,DF,22,1625,-0.538,0.928,66.0,78.0,12.0,2000000.0,0.054,0.036,0.055,0.498,0.388,0.124,0.098,-0.026,-0.354,-0.416,-0.197,-0.265,-1.252,-1.259
357,Jeff Ekhator,Genoa,ITA-Serie A,FW,18,956,-0.54,0.928,67.0,78.0,11.0,2200000.0,0.3,0.082,0.282,1.883,0.941,0.456,0.122,-0.475,-0.644,-0.788,-0.738,-0.223,-0.527,-0.387
358,Jobe Bellingham,Dortmund,GER-Bundesliga,MF,19,1786,-0.54,0.887,77.0,83.0,6.0,16000000.0,0.05,0.039,0.05,0.957,0.454,0.484,0.427,-0.837,-1.13,-1.105,-0.599,-1.269,0.06,1.096
359,Roberto Férnandez,Espanyol,ESP-La Liga,FW,23,2382,-0.544,0.899,74.0,80.0,6.0,7000000.0,0.323,0.119,0.34,2.229,0.68,0.459,0.078,-0.392,-0.217,-0.549,-0.37,-0.808,-0.586,-0.883
360,Otavio Ataide,Paris FC,FRA-Ligue 1,DF,23,1901,-0.544,0.815,74.0,79.0,5.0,6000000.0,0.027,0.008,0.047,0.568,0.189,0.28,0.272,-0.733,-0.875,-0.581,-0.195,-0.792,-0.44,-0.192
361,Chemsdine Talbi,Sunderland,ENG-Premier League,MF,20,1561,-0.544,1.0,76.0,86.0,10.0,16500000.0,0.134,0.035,0.288,1.441,0.692,0.186,0.069,0.101,-1.129,0.393,0.256,-0.751,-1.253,-1.426
362,Joel Fujita,St Pauli,GER-Bundesliga,MF,23,2665,-0.544,0.887,72.0,77.0,5.0,3500000.0,0.048,0.147,0.135,1.081,1.013,0.327,0.164,-0.858,0.005,-0.643,-0.441,-0.382,-0.692,-0.801
363,Tom Rothe,Union Berlin,GER-Bundesliga,MF,20,1029,-0.545,0.887,73.0,81.0,8.0,6500000.0,0.14,0.079,0.175,1.662,0.962,0.189,0.114,-0.002,-0.709,-0.425,0.303,-0.463,-1.355,-1.163
364,Kévin Danois,Auxerre,FRA-Ligue 1,MF,21,2830,-0.55,0.815,75.0,83.0,8.0,12500000.0,0.068,0.147,0.127,0.795,1.654,0.292,0.175,-0.724,-0.122,-0.742,-0.889,0.421,-0.971,-0.824
365,Finn Jeltsch,Stuttgart,GER-Bundesliga,DF,19,1511,-0.556,0.887,74.0,87.0,13.0,9000000.0,0.012,0.006,0.06,0.179,0.298,0.318,0.308,-1.037,-0.899,-0.398,-1.214,-0.51,-0.054,0.225
366,Abdulai Juma Bah,Nice,FRA-Ligue 1,DF,19,1958,-0.557,0.815,73.0,81.0,8.0,6000000.0,0.052,0.072,0.0,0.322,0.276,0.243,0.213,-0.223,0.122,-1.078,-0.867,-0.611,-0.652,-0.587
367,Filippo Terracciano,Cremonese,ITA-Serie A,DF,22,3011,-0.561,0.928,71.0,80.0,9.0,3900000.0,0.07,0.019,0.06,0.418,0.329,0.126,0.112,0.341,-0.661,-0.364,-0.445,-0.405,-1.238,-1.153
368,Pablo Marín,Real Sociedad,ESP-La Liga,MF,22,1502,-0.563,0.899,73.0,82.0,9.0,7000000.0,0.075,0.111,0.06,0.779,0.779,0.422,0.246,-0.597,-0.356,-1.048,-0.813,-0.736,-0.208,-0.182
369,Chrislain Matsima,Augsburg,GER-Bundesliga,DF,23,1489,-0.575,0.887,77.0,85.0,8.0,22000000.0,0.034,0.035,0.121,0.423,0.242,0.136,0.13,-0.531,-0.4,0.302,-0.489,-0.638,-1.21,-1.058
370,Hugo Bueno,Wolves,ENG-Premier League,MF,22,2366,-0.578,1.0,75.0,80.0,5.0,8000000.0,0.034,0.14,0.114,0.609,1.445,0.211,0.111,-0.943,0.12,-0.678,-0.946,0.595,-1.119,-1.077
371,Matteo Prati,Torino,ITA-Serie A,MF,21,1882,-0.578,0.928,72.0,81.0,9.0,5000000.0,0.08,0.081,0.096,1.482,0.622,0.29,0.204,-0.522,-0.646,-0.834,0.161,-0.957,-0.807,-0.445
372,Ilaix Moriba,Celta Vigo,ESP-La Liga,MF,22,2495,-0.579,0.899,78.0,83.0,5.0,21500000.0,0.064,0.091,0.18,0.649,0.613,0.4,0.257,-0.696,-0.573,-0.382,-0.982,-1.002,-0.315,-0.104
373,Daniele Ghilardi,Roma,ITA-Serie A,DF,22,1097,-0.58,0.928,72.0,80.0,8.0,4900000.0,0.046,0.034,0.0,0.246,0.328,0.231,0.204,-0.217,-0.392,-1.078,-0.98,-0.407,-0.535,-0.454
374,Ifechukwu Ogbus,Freiburg,GER-Bundesliga,DF,19,1177,-0.583,0.887,,,,,0.06,0.002,0.0,0.382,0.076,0.28,0.253,0.052,-0.967,-1.078,-0.61,-1.014,-0.292,-0.172
375,Elye Wahi,Nice,FRA-Ligue 1,FW,22,922,-0.596,0.815,74.0,81.0,7.0,8500000.0,0.339,0.078,0.488,2.245,0.781,0.473,0.103,-0.489,-0.814,-0.045,-0.62,-0.752,-0.73,-0.722
376,Ngal'Ayel Mukau,Lille,FRA-Ligue 1,MF,20,1534,-0.6,0.815,74.0,82.0,8.0,8500000.0,0.151,0.03,0.059,1.173,0.763,0.401,0.293,-0.012,-1.249,-1.085,-0.444,-0.877,-0.491,-0.039
377,Willem Geubbels,Paris FC,FRA-Ligue 1,FW,23,1013,-0.602,0.815,72.0,77.0,5.0,3600000.0,0.453,0.048,0.355,2.665,0.622,0.529,0.081,0.15,-1.146,-0.637,-0.129,-1.041,-0.486,-0.923
378,Samir El Mourabet,Strasbourg,FRA-Ligue 1,MF,19,2128,-0.602,0.815,73.0,82.0,9.0,6500000.0,0.016,0.115,0.127,0.508,1.184,0.415,0.307,-1.165,-0.433,-0.744,-1.227,-0.263,-0.43,0.049
379,Tiago Gabriel,Lecce,ITA-Serie A,DF,20,3219,-0.605,0.928,69.0,77.0,8.0,2900000.0,0.111,0.001,0.056,0.559,0.056,0.07,0.068,1.32,-0.989,-0.41,-0.008,-1.055,-1.606,-1.484
380,Haissem Hassan,Oviedo,ESP-La Liga,MF,23,1942,-0.606,0.899,73.0,79.0,6.0,4800000.0,0.091,0.083,0.139,1.576,0.881,0.25,0.116,-0.445,-0.652,-0.611,0.22,-0.573,-1.045,-1.136
381,Samuele Angori,Pisa,ITA-Serie A,MF,21,2599,-0.611,0.928,71.0,78.0,7.0,3800000.0,0.046,0.134,0.069,0.485,1.316,0.279,0.194,-0.856,-0.072,-0.984,-1.175,0.194,-0.859,-0.522
382,Kristjan Asllani,Torino,ITA-Serie A,MF,23,1129,-0.611,0.928,,,,,0.032,0.09,0.0,1.594,1.275,0.214,0.182,-0.99,-0.549,-1.379,0.311,0.127,-1.188,-0.609
383,Jon Gorrotxategi,Real Sociedad,ESP-La Liga,MF,23,2210,-0.612,0.899,77.0,85.0,8.0,22500000.0,0.037,0.04,0.163,0.529,0.733,0.391,0.348,-0.954,-1.11,-0.479,-1.137,-0.81,-0.358,0.561
384,Ayyoub Bouaddi,Lille,FRA-Ligue 1,MF,17,2321,-0.614,0.815,78.0,86.0,8.0,27000000.0,0.041,0.078,0.039,0.62,0.814,0.468,0.408,-0.947,-0.789,-1.185,-1.094,-0.802,-0.2,0.72
385,Jacques Ekomie,Angers,FRA-Ligue 1,DF,21,2239,-0.622,0.815,72.0,79.0,7.0,4500000.0,0.041,0.056,0.0,0.523,0.482,0.189,0.115,-0.449,-0.124,-1.078,-0.319,-0.179,-0.97,-1.234
386,Arsène Kouassi,Lorient,FRA-Ligue 1,MF,20,2605,-0.623,0.815,74.0,82.0,8.0,9000000.0,0.022,0.17,0.276,0.311,1.106,0.286,0.22,-1.109,0.106,0.006,-1.458,-0.378,-0.999,-0.528
387,Kojo Peprah Oppong,Nice,FRA-Ligue 1,DF,21,2425,-0.637,0.815,72.0,79.0,7.0,4400000.0,0.049,0.022,0.037,0.371,0.223,0.232,0.204,-0.295,-0.659,-0.689,-0.732,-0.722,-0.719,-0.644
388,Archie Gray,Tottenham,ENG-Premier League,MF,19,1478,-0.64,1.0,77.0,86.0,9.0,21500000.0,0.097,0.101,0.244,0.67,0.487,0.217,0.132,-0.288,-0.343,0.118,-0.857,-1.117,-1.084,-0.91
389,Sergi Altimira,Real Betis,ESP-La Liga,MF,23,1186,-0.642,0.899,,,,,0.038,0.042,0.228,0.531,0.835,0.328,0.285,-0.937,-1.09,-0.121,-1.135,-0.647,-0.667,0.102
390,Juan Rodríguez,Cagliari,ITA-Serie A,DF,20,1310,-0.644,0.928,71.0,78.0,7.0,3400000.0,0.082,0.0,0.069,0.206,0.0,0.176,0.174,0.637,-1.003,-0.257,-1.104,-1.188,-0.904,-0.685
391,Jeanuël Belocian,Leverkusen,GER-Bundesliga,DF,20,1546,-0.648,0.887,70.0,81.0,11.0,3300000.0,0.025,0.027,0.058,0.233,0.233,0.241,0.196,-0.745,-0.541,-0.413,-1.053,-0.658,-0.54,-0.581
392,Kieron Bowie,Hellas Verona,ITA-Serie A,FW,22,1200,-0.652,0.928,67.0,75.0,8.0,2300000.0,0.307,0.033,0.3,2.475,0.9,0.384,0.062,-0.428,-1.263,-0.699,0.049,-0.309,-0.89,-1.025
393,Jordy Makengo,Freiburg,GER-Bundesliga,DF,23,1178,-0.656,0.887,72.0,76.0,4.0,3100000.0,0.0,0.056,0.076,0.0,0.382,0.23,0.227,-1.298,-0.055,-0.206,-1.744,-0.319,-0.61,-0.358
394,Lennon Miller,Udinese,ITA-Serie A,MF,18,996,-0.665,0.928,70.0,84.0,14.0,3700000.0,0.028,0.122,0.181,0.813,1.175,0.218,0.113,-1.031,-0.203,-0.348,-0.735,-0.04,-1.167,-1.134
395,Eric Martel,Köln,GER-Bundesliga,MF,23,2559,-0.67,0.887,76.0,81.0,5.0,10500000.0,0.064,0.072,0.141,0.809,0.492,0.346,0.276,-0.708,-0.779,-0.612,-0.789,-1.207,-0.599,0.007
396,Ibrahim Sulemana,Cagliari,ITA-Serie A,MF,22,905,-0.672,0.928,73.0,80.0,7.0,6000000.0,0.168,0.014,0.099,1.094,0.597,0.269,0.186,0.333,-1.381,-0.812,-0.359,-0.998,-0.909,-0.577
397,Rafel Obrador,Torino,ITA-Serie A,MF,21,1116,-0.676,0.928,,,,,0.014,0.085,0.323,0.565,0.887,0.226,0.168,-1.164,-0.603,0.461,-1.068,-0.517,-1.125,-0.718
398,Kareem Tunde,Levante,ESP-La Liga,MF,19,1133,-0.679,0.899,68.0,79.0,11.0,2600000.0,0.103,0.05,0.079,1.668,0.477,0.295,0.166,-0.333,-1.005,-0.94,0.34,-1.222,-0.826,-0.767
399,Yassin Belkhdim,Angers,FRA-Ligue 1,MF,23,2135,-0.679,0.815,72.0,79.0,7.0,4700000.0,0.097,0.064,0.169,1.391,0.632,0.317,0.192,-0.472,-0.917,-0.534,-0.188,-1.067,-0.865,-0.712
400,Lucien Agoume,Sevilla,ESP-La Liga,MF,23,2686,-0.68,0.899,76.0,82.0,6.0,11000000.0,0.028,0.107,0.134,0.503,0.905,0.324,0.231,-1.038,-0.401,-0.638,-1.172,-0.534,-0.687,-0.292
401,Marco Palestra,Cagliari,ITA-Serie A,MF,20,3081,-0.683,0.928,75.0,84.0,9.0,12000000.0,0.048,0.128,0.146,0.847,0.935,0.247,0.113,-0.831,-0.127,-0.546,-0.69,-0.438,-1.022,-1.13
402,Arouna Sangante,Le Havre,FRA-Ligue 1,DF,23,2324,-0.691,0.815,74.0,80.0,6.0,6000000.0,0.017,0.016,0.077,0.349,0.387,0.196,0.186,-0.946,-0.758,-0.266,-0.794,-0.378,-0.93,-0.761
403,Cher Ndour,Fiorentina,ITA-Serie A,MF,21,1876,-0.696,0.928,72.0,83.0,11.0,5000000.0,0.125,0.017,0.144,1.151,0.336,0.302,0.208,-0.084,-1.356,-0.558,-0.282,-1.431,-0.746,-0.414
404,Pau Navarro,Villarreal,ESP-La Liga,DF,20,1921,-0.699,0.899,74.0,83.0,9.0,8500000.0,0.003,0.02,0.0,0.094,0.187,0.327,0.308,-1.239,-0.65,-1.078,-1.462,-0.756,0.034,0.256
405,Hugo Larsson,Frankfurt,GER-Bundesliga,MF,21,1812,-0.701,0.887,77.0,85.0,8.0,23500000.0,0.071,0.059,0.199,0.646,0.944,0.28,0.187,-0.644,-0.92,-0.296,-0.998,-0.492,-0.918,-0.638
406,Sadibou Sané,Metz,FRA-Ligue 1,DF,21,1940,-0.707,0.815,70.0,81.0,11.0,3300000.0,0.014,0.013,0.139,0.278,0.139,0.196,0.196,-1.013,-0.805,0.382,-0.985,-0.897,-0.932,-0.701
407,Mikel Jauregizar,Athletic Club,ESP-La Liga,MF,21,2831,-0.711,0.899,80.0,86.0,6.0,33500000.0,0.045,0.05,0.064,1.24,0.89,0.282,0.216,-0.878,-1.005,-1.028,-0.216,-0.558,-0.888,-0.404
408,Ransford Königsdörffer,Hamburger SV,GER-Bundesliga,FW,23,2329,-0.711,0.887,70.0,77.0,7.0,3200000.0,0.284,0.05,0.232,2.512,0.773,0.404,0.109,-0.66,-1.076,-1.097,-0.049,-0.643,-0.877,-0.577
409,Abdoul Coulibaly,Werder Bremen,GER-Bundesliga,DF,18,2120,-0.715,0.887,,,,,0.048,0.008,0.042,0.255,0.297,0.171,0.161,-0.221,-0.863,-0.593,-0.988,-0.512,-0.989,-0.838
410,Christian Mawissa,Monaco,FRA-Ligue 1,DF,20,1191,-0.724,0.815,75.0,84.0,9.0,11500000.0,0.025,0.027,0.0,0.151,0.378,0.281,0.233,-0.792,-0.581,-1.078,-1.332,-0.398,-0.435,-0.455
411,Lesley Ugochukwu,Burnley,ENG-Premier League,MF,21,2336,-0.729,1.0,76.0,82.0,6.0,11000000.0,0.101,0.017,0.154,0.848,0.385,0.28,0.189,-0.243,-1.334,-0.432,-0.601,-1.299,-0.746,-0.445
412,Tim Iroegbunam,Everton,ENG-Premier League,MF,22,1487,-0.732,1.0,76.0,80.0,4.0,10000000.0,0.031,0.112,0.121,0.726,0.484,0.267,0.172,-0.976,-0.214,-0.635,-0.776,-1.122,-0.815,-0.583
413,Yehor Yarmoliuk,Brentford,ENG-Premier League,MF,21,2659,-0.736,1.0,77.0,83.0,6.0,15500000.0,0.047,0.043,0.102,0.542,0.474,0.314,0.268,-0.813,-1.035,-0.755,-1.043,-1.141,-0.56,0.196
414,Ousmane Camara,Angers,FRA-Ligue 1,DF,22,2718,-0.737,0.815,73.0,78.0,5.0,4200000.0,0.021,0.008,0.033,0.43,0.132,0.234,0.225,-0.86,-0.873,-0.731,-0.57,-0.911,-0.708,-0.503
415,Brooke Norton-Cuffy,Genoa,ITA-Serie A,MF,21,2212,-0.737,0.928,74.0,80.0,6.0,6500000.0,0.082,0.077,0.122,0.61,0.854,0.291,0.145,-0.507,-0.696,-0.683,-1.007,-0.571,-0.8,-0.893
416,Leon Avdullahu,Hoffenheim,GER-Bundesliga,MF,21,2834,-0.737,0.887,77.0,83.0,6.0,15500000.0,0.017,0.042,0.032,0.445,0.699,0.414,0.372,-1.145,-1.097,-1.206,-1.255,-0.88,-0.272,0.698
417,Ebenezer Akinsanmiro,Pisa,ITA-Serie A,MF,20,1444,-0.742,0.928,67.0,80.0,13.0,2400000.0,0.069,0.102,0.062,0.81,0.997,0.268,0.112,-0.627,-0.413,-1.024,-0.739,-0.334,-0.915,-1.139
418,Martin Vitík,Bologna,ITA-Serie A,DF,22,1325,-0.743,0.928,74.0,80.0,6.0,6000000.0,0.05,0.012,0.0,0.543,0.204,0.123,0.107,-0.12,-0.796,-1.078,-0.057,-0.703,-1.259,-1.187
419,Carlos Baleba,Brighton,ENG-Premier League,MF,21,1652,-0.744,1.0,80.0,86.0,6.0,31000000.0,0.031,0.044,0.0,1.09,0.49,0.319,0.251,-0.973,-1.015,-1.379,-0.252,-1.111,-0.535,0.058
420,Aljoscha Kemlein,Union Berlin,GER-Bundesliga,MF,20,1959,-0.744,0.887,74.0,79.0,5.0,6000000.0,0.064,0.072,0.092,0.781,0.643,0.32,0.23,-0.703,-0.781,-0.878,-0.824,-0.968,-0.727,-0.326
421,Rav van den Berg,Köln,GER-Bundesliga,DF,21,1131,-0.752,0.887,71.0,82.0,11.0,3800000.0,0.009,0.039,0.08,0.08,0.08,0.216,0.216,-1.107,-0.33,-0.17,-1.508,-1.007,-0.701,-0.44
422,César Tárrega,Valencia,ESP-La Liga,DF,23,2598,-0.757,0.899,75.0,82.0,7.0,10500000.0,0.023,0.003,0.0,0.381,0.069,0.234,0.232,-0.776,-0.949,-1.078,-0.598,-1.028,-0.564,-0.302
423,Danilo Veiga,Lecce,ITA-Serie A,DF,22,3020,-0.761,0.928,69.0,78.0,9.0,3000000.0,0.008,0.043,0.03,0.179,0.596,0.144,0.109,-1.117,-0.241,-0.722,-1.189,0.232,-1.115,-1.172
424,Jackson Tchatchoua,Wolves,ENG-Premier League,MF,23,1845,-0.762,1.0,74.0,79.0,5.0,6000000.0,0.005,0.109,0.049,0.146,1.024,0.294,0.203,-1.245,-0.243,-1.079,-1.613,-0.157,-0.669,-0.329
425,Omar El Hilali,Espanyol,ESP-La Liga,DF,21,2826,-0.77,0.899,75.0,81.0,6.0,8500000.0,0.0,0.054,0.064,0.032,0.541,0.162,0.127,-1.288,-0.07,-0.341,-1.648,0.061,-1.028,-1.071
426,Abdoulaye Faye,Lorient,FRA-Ligue 1,DF,20,1444,-0.77,0.815,69.0,81.0,12.0,3200000.0,0.036,0.003,0.0,0.499,0.125,0.208,0.206,-0.558,-0.952,-1.078,-0.385,-0.928,-0.859,-0.63
427,Josué Casimir,Auxerre,FRA-Ligue 1,MF,23,1522,-0.773,0.815,71.0,76.0,5.0,2800000.0,0.117,0.083,0.059,1.301,0.591,0.313,0.15,-0.303,-0.735,-1.083,-0.294,-1.126,-0.881,-0.987
428,Alessandro Marcandalli,Genoa,ITA-Serie A,DF,22,2597,-0.784,0.928,70.0,75.0,5.0,2200000.0,0.009,0.023,0.069,0.173,0.347,0.154,0.139,-1.078,-0.599,-0.25,-1.206,-0.363,-1.049,-0.945
429,Clemens Riedel,Espanyol,ESP-La Liga,DF,22,1396,-0.785,0.899,71.0,81.0,10.0,3900000.0,0.007,0.011,0.064,0.193,0.258,0.192,0.187,-1.139,-0.804,-0.332,-1.162,-0.593,-0.833,-0.628
430,Nikola Štulić,Lecce,ITA-Serie A,FW,23,1709,-0.788,0.928,70.0,76.0,6.0,2500000.0,0.248,0.111,0.158,1.738,1.053,0.33,0.071,-0.807,-0.279,-1.421,-0.931,0.008,-1.159,-0.928
431,Prosper Peter,Angers,FRA-Ligue 1,FW,17,1273,-0.79,0.815,69.0,79.0,10.0,2900000.0,0.429,0.064,0.353,1.626,0.778,0.523,0.04,0.017,-0.975,-0.646,-1.343,-0.758,-0.513,-1.31
432,Alessandro Circati,Parma,ITA-Serie A,DF,21,2664,-0.79,0.928,72.0,80.0,8.0,4900000.0,0.025,0.008,0.034,0.27,0.304,0.161,0.143,-0.714,-0.855,-0.674,-0.905,-0.464,-1.002,-0.915
433,Yoel Lago,Celta Vigo,ESP-La Liga,DF,21,938,-0.795,0.899,71.0,78.0,7.0,3500000.0,0.006,0.007,0.0,0.096,0.192,0.28,0.277,-1.172,-0.876,-1.078,-1.456,-0.746,-0.27,0.03
434,Juanlu Sánchez,Sevilla,ESP-La Liga,MF,21,1990,-0.796,0.899,,,,,0.034,0.086,0.136,0.633,0.995,0.244,0.152,-0.981,-0.625,-0.629,-1.003,-0.389,-1.074,-0.874
435,Soumaïla Coulibaly,Brest,FRA-Ligue 1,DF,21,1338,-0.805,0.815,72.0,80.0,8.0,4900000.0,0.02,0.001,0.0,0.404,0.067,0.247,0.247,-0.882,-0.988,-1.078,-0.644,-1.048,-0.633,-0.363
436,Johann Lepenant,Nantes,FRA-Ligue 1,MF,22,2173,-0.812,0.815,73.0,79.0,6.0,4900000.0,0.035,0.092,0.041,0.911,1.367,0.233,0.168,-0.999,-0.655,-1.172,-0.752,0.003,-1.234,-0.872
437,Arkadiusz Pyrka,St Pauli,GER-Bundesliga,MF,22,2576,-0.814,0.887,70.0,76.0,6.0,2400000.0,0.035,0.078,0.035,0.664,0.839,0.291,0.231,-0.972,-0.723,-1.189,-0.974,-0.659,-0.865,-0.316
438,Sekou Mara,Auxerre,FRA-Ligue 1,FW,23,1226,-0.828,0.815,70.0,77.0,7.0,3300000.0,0.224,0.081,0.367,2.423,0.661,0.376,0.099,-1.133,-0.785,-0.585,-0.413,-0.971,-1.156,-0.756
439,Vladyslav Vanat,Girona,ESP-La Liga,FW,23,1942,-0.833,0.899,77.0,82.0,5.0,16000000.0,0.337,0.098,0.324,1.251,0.556,0.41,0.075,-0.308,-0.484,-0.626,-1.63,-1.057,-0.822,-0.905
440,Mamadou Sarr,Strasbourg,FRA-Ligue 1,DF,19,1305,-0.839,0.815,,,,,0.003,0.003,0.0,0.069,0.069,0.328,0.325,-1.228,-0.959,-1.078,-1.556,-1.044,-0.159,0.155
441,Jamil Siebert,Lecce,ITA-Serie A,DF,23,1701,-0.84,0.928,70.0,78.0,8.0,3300000.0,0.025,0.017,0.053,0.317,0.159,0.124,0.104,-0.702,-0.705,-0.446,-0.759,-0.81,-1.25,-1.209
442,Alieu Fadera,Sassuolo,ITA-Serie A,FW,23,987,-0.852,0.928,71.0,77.0,6.0,3000000.0,0.215,0.08,0.274,1.185,0.638,0.369,0.161,-1.015,-0.666,-0.833,-1.666,-0.851,-0.966,0.035
443,Oscar Højlund,Frankfurt,GER-Bundesliga,MF,20,1089,-0.852,0.887,74.0,84.0,10.0,9000000.0,0.051,0.088,0.165,0.579,0.579,0.263,0.151,-0.829,-0.613,-0.478,-1.084,-1.071,-0.998,-0.895
444,Sidiki Cherif,Angers,FRA-Ligue 1,FW,18,1157,-0.858,0.815,,,,,0.22,0.047,0.311,2.178,0.389,0.443,0.198,-1.157,-1.16,-0.835,-0.698,-1.465,-0.863,0.175
445,Semih Kılıçsoy,Cagliari,ITA-Serie A,FW,19,975,-0.865,0.928,74.0,81.0,7.0,8500000.0,0.19,0.036,0.369,1.569,1.015,0.276,0.097,-1.18,-1.225,-0.347,-1.155,-0.07,-1.428,-0.651
446,Alejandro Rego,Athletic Club,ESP-La Liga,MF,22,1279,-0.865,0.899,72.0,81.0,9.0,5000000.0,0.037,0.056,0.141,0.774,0.774,0.223,0.158,-0.948,-0.94,-0.601,-0.82,-0.744,-1.175,-0.83
447,Maxime Estève,Burnley,ENG-Premier League,DF,23,2932,-0.867,1.0,76.0,82.0,6.0,11000000.0,0.014,0.022,0.0,0.307,0.184,0.136,0.132,-0.947,-0.589,-1.078,-0.717,-0.716,-1.097,-0.926
448,Lucas Høgsberg,Strasbourg,FRA-Ligue 1,DF,19,1792,-0.873,0.815,73.0,82.0,9.0,6000000.0,0.011,0.0,0.0,0.201,0.0,0.281,0.281,-1.074,-1.003,-1.078,-1.196,-1.188,-0.433,-0.137
449,Tommaso Barbieri,Cremonese,ITA-Serie A,MF,22,1707,-0.875,0.928,71.0,76.0,5.0,2700000.0,0.052,0.097,0.053,0.844,0.527,0.268,0.123,-0.793,-0.476,-1.079,-0.694,-1.113,-0.914,-1.056
450,Oliver Jensen,Parma,ITA-Serie A,MF,23,1840,-0.876,0.928,,,,,0.1,0.036,0.098,0.734,0.44,0.247,0.167,-0.329,-1.141,-0.821,-0.842,-1.258,-1.022,-0.723
451,Louis Leroux,Nantes,FRA-Ligue 1,MF,19,1441,-0.882,0.815,71.0,80.0,9.0,4000000.0,0.101,0.047,0.125,0.937,0.999,0.193,0.113,-0.438,-1.089,-0.753,-0.722,-0.532,-1.407,-1.232
452,Soungoutou Magassa,West Ham,ENG-Premier League,MF,21,981,-0.888,1.0,73.0,80.0,7.0,6000000.0,0.057,0.068,0.092,0.642,0.459,0.222,0.141,-0.705,-0.728,-0.815,-0.897,-1.168,-1.06,-0.841
453,Théo Le Bris,Lorient,FRA-Ligue 1,MF,22,1893,-0.892,0.815,73.0,80.0,7.0,6000000.0,0.092,0.066,0.19,0.808,0.618,0.218,0.126,-0.516,-0.898,-0.426,-0.873,-1.087,-1.296,-1.148
454,Junior Diaz,Brest,FRA-Ligue 1,DF,22,1562,-0.897,0.815,72.0,80.0,8.0,4900000.0,0.051,0.002,0.0,0.403,0.058,0.162,0.131,-0.255,-0.976,-1.078,-0.644,-1.068,-1.128,-1.13
455,Noah Sadiki,Sunderland,ENG-Premier League,MF,20,2889,-0.901,1.0,78.0,85.0,7.0,27500000.0,0.05,0.029,0.031,0.592,0.592,0.26,0.195,-0.772,-1.196,-1.188,-0.97,-0.93,-0.854,-0.396
456,Dayann Methalie,Toulouse,FRA-Ligue 1,MF,19,1871,-0.903,0.815,72.0,82.0,10.0,4800000.0,0.071,0.097,0.144,0.722,0.481,0.274,0.14,-0.694,-0.6,-0.656,-0.975,-1.287,-1.054,-1.055
457,Freddie Potts,West Ham,ENG-Premier League,MF,21,1171,-0.91,1.0,73.0,80.0,7.0,6000000.0,0.016,0.093,0.077,0.231,0.615,0.243,0.174,-1.128,-0.44,-0.907,-1.491,-0.889,-0.944,-0.568
458,Louis Oppie,St Pauli,GER-Bundesliga,MF,23,1620,-0.914,0.887,70.0,75.0,5.0,2200000.0,0.064,0.063,0.056,0.833,0.556,0.265,0.153,-0.704,-0.882,-1.076,-0.757,-1.107,-0.99,-0.878
459,David Møller Wolfe,Wolves,ENG-Premier League,MF,23,1049,-0.926,1.0,73.0,78.0,5.0,4300000.0,0.007,0.112,0.172,0.257,0.686,0.154,0.111,-1.225,-0.213,-0.324,-1.453,-0.761,-1.429,-1.078
460,Joris Chotard,Brest,FRA-Ligue 1,MF,23,2773,-0.929,0.815,74.0,78.0,4.0,5500000.0,0.041,0.017,0.097,0.811,0.357,0.324,0.281,-0.946,-1.373,-0.891,-0.87,-1.468,-0.834,-0.119
461,Mikael Ellertsson,Genoa,ITA-Serie A,MF,23,2767,-0.934,0.928,71.0,76.0,5.0,2800000.0,0.07,0.081,0.065,0.846,0.52,0.203,0.103,-0.621,-0.645,-1.008,-0.692,-1.125,-1.239,-1.209
462,Anthony Elanga,Newcastle,ENG-Premier League,FW,23,1319,-0.935,1.0,79.0,82.0,3.0,24000000.0,0.099,0.119,0.068,1.16,1.024,0.293,0.126,-1.707,-0.051,-1.851,-1.58,0.111,-1.232,-0.237
463,Mario Martín,Getafe,ESP-La Liga,MF,21,2125,-0.964,0.899,74.0,82.0,8.0,9500000.0,0.125,0.039,0.127,1.101,0.339,0.169,0.06,-0.125,-1.126,-0.677,-0.395,-1.443,-1.44,-1.545
464,Alexis Vossah,Toulouse,FRA-Ligue 1,MF,17,1092,-0.966,0.815,70.0,83.0,13.0,3400000.0,0.037,0.057,0.165,0.742,0.577,0.223,0.169,-0.985,-0.987,-0.553,-0.952,-1.147,-1.276,-0.865
465,Clément Akpa,Auxerre,FRA-Ligue 1,DF,23,1944,-0.97,0.815,74.0,80.0,6.0,6000000.0,0.011,0.02,0.0,0.278,0.417,0.117,0.112,-1.073,-0.696,-1.078,-0.987,-0.317,-1.391,-1.252
466,Andreas Hountondji,St Pauli,GER-Bundesliga,FW,23,1067,-0.974,0.887,70.0,77.0,7.0,3300000.0,0.354,0.06,0.337,1.771,0.506,0.317,0.009,-0.229,-0.96,-0.584,-0.991,-1.171,-1.293,-1.589
467,Tylel Tati,Nantes,FRA-Ligue 1,DF,17,1721,-0.994,0.815,69.0,83.0,14.0,3000000.0,0.026,0.001,0.0,0.157,0.052,0.19,0.185,-0.762,-0.99,-1.078,-1.316,-1.079,-0.965,-0.77
468,Rudy Matondo,Paris FC,FRA-Ligue 1,MF,17,1357,-0.997,0.815,70.0,84.0,14.0,3600000.0,0.121,0.016,0.133,0.862,0.332,0.203,0.159,-0.272,-1.384,-0.715,-0.81,-1.505,-1.364,-0.928
469,Armel Bella Kotchap,Hellas Verona,ITA-Serie A,DF,23,1347,-1.022,0.928,72.0,78.0,6.0,3400000.0,0.005,0.003,0.0,0.2,0.067,0.161,0.159,-1.179,-0.947,-1.078,-1.122,-1.029,-1.002,-0.8
470,Sascha Britschgi,Parma,ITA-Serie A,MF,18,2095,-1.031,0.928,65.0,75.0,10.0,1400000.0,0.018,0.087,0.086,0.558,0.73,0.175,0.079,-1.128,-0.578,-0.889,-1.076,-0.777,-1.381,-1.386
471,Romano Floriani,Cremonese,ITA-Serie A,MF,22,1168,-1.065,0.928,69.0,77.0,8.0,3100000.0,0.015,0.1,0.077,0.385,0.693,0.152,0.092,-1.149,-0.436,-0.94,-1.308,-0.838,-1.496,-1.286
472,Christian Ordoñez,Parma,ITA-Serie A,MF,21,1091,-1.081,0.928,71.0,81.0,10.0,3900000.0,0.037,0.022,0.082,0.825,0.495,0.154,0.123,-0.94,-1.294,-0.909,-0.719,-1.167,-1.487,-1.054
473,Alpha Touré,Metz,FRA-Ligue 1,MF,19,1606,-1.087,0.815,67.0,81.0,14.0,2300000.0,0.058,0.024,0.056,0.953,0.616,0.183,0.125,-0.807,-1.304,-1.099,-0.704,-1.09,-1.454,-1.154
474,Henrik Meister,Pisa,ITA-Serie A,FW,21,1515,-1.121,0.928,69.0,76.0,7.0,2900000.0,0.316,0.039,0.119,1.188,0.297,0.435,0.082,-0.374,-1.193,-1.62,-1.662,-1.557,-0.632,-0.81
475,Fredrik Oppegard,Auxerre,FRA-Ligue 1,MF,22,1246,-1.127,0.815,68.0,77.0,9.0,2600000.0,0.04,0.045,0.0,0.722,0.795,0.185,0.119,-0.954,-1.103,-1.379,-0.975,-0.83,-1.446,-1.198
476,Iker Muñoz,Osasuna,ESP-La Liga,MF,22,952,-1.13,0.899,71.0,79.0,8.0,4200000.0,0.03,0.024,0.0,0.851,0.473,0.178,0.15,-1.014,-1.285,-1.379,-0.72,-1.228,-1.393,-0.887
477,Simon Ebonog,Le Havre,FRA-Ligue 1,MF,20,1759,-1.133,0.815,68.0,79.0,11.0,2600000.0,0.101,0.017,0.051,1.126,0.358,0.168,0.071,-0.443,-1.372,-1.123,-0.5,-1.466,-1.517,-1.511
478,Boubacar Traoré,Metz,FRA-Ligue 1,MF,23,1387,-1.161,0.815,71.0,76.0,5.0,2600000.0,0.061,0.014,0.065,1.233,0.26,0.155,0.098,-0.779,-1.4,-1.054,-0.374,-1.61,-1.577,-1.334
479,Lucas Gourna-Douath,Le Havre,FRA-Ligue 1,MF,21,1272,-1.29,0.815,69.0,79.0,10.0,3000000.0,0.014,0.013,0.0,0.637,0.425,0.158,0.14,-1.176,-1.414,-1.379,-1.075,-1.369,-1.564,-1.053
480,Warren Bondo,Cremonese,ITA-Serie A,MF,21,1762,-1.314,0.928,71.0,78.0,7.0,3800000.0,0.015,0.008,0.0,0.409,0.153,0.176,0.153,-1.158,-1.448,-1.379,-1.277,-1.733,-1.377,-0.829
481,Mandela Keita,Parma,ITA-Serie A,MF,23,2979,-1.357,0.928,73.0,79.0,6.0,4400000.0,0.015,0.009,0.06,0.483,0.332,0.089,0.072,-1.157,-1.445,-1.035,-1.177,-1.436,-1.81,-1.44
482,Lamare Bogarde,Aston Villa,ENG-Premier League,MF,21,1053,-1.384,1.0,74.0,81.0,7.0,8000000.0,0.0,0.004,0.0,0.0,0.171,0.167,0.164,-1.299,-1.497,-1.379,-1.824,-1.682,-1.355,-0.652
483,Adrián Liso,Getafe,ESP-La Liga,FW,20,1702,-1.609,0.899,72.0,83.0,11.0,5000000.0,0.146,0.008,0.159,1.375,0.212,0.163,0.017,-1.488,-1.584,-1.443,-1.471,-1.748,-2.018,-1.511
